code,prevelence,h2_observed,h2_observed_se,h2_liability,h2_liability_se,h2_z,h2_p
A04,0.0015866,0.002809583,0.002241071,0.168724829,0.134583752,1.253679036,0.104979345
A08,0.000907476,-0.000867688,0.002016198,-0.082935893,0.192713383,-0.430358762,0.666532656
A09,0.00090451,0.002619434,0.00226569,0.251060767,0.217155988,1.15613099,0.123813791
A41,0.00113583,-0.001745237,0.002170532,-0.138269338,0.171964056,-0.804059534,0.789318703
A63,0.000308423,-0.00041106,0.002020145,-0.098391552,0.483542437,-0.203480697,0.580620334
A87,0.000293595,-0.002761544,0.002247142,-0.689673489,0.561205686,-1.228913937,0.890447962
B02,0.000329182,-0.004445993,0.002064065,-1.006171185,0.467117957,-2.153998086,0.984379839
B07,0.000895614,-0.001485605,0.002132655,-0.143574344,0.20610768,-0.696598711,0.756973019
B18,0.00031732,-0.001384903,0.002480363,-0.323472401,0.579339459,-0.558346917,0.711696243
B34,0.00206703,-0.002376378,0.002141976,-0.114860233,0.103530639,-1.109432282,0.866378129
B37,0.000453738,0.004673569,0.002244682,0.803342549,0.385839774,2.082062562,0.018668378
B50,8.9e-05,-0.00056933,0.002343171,-0.402654949,1.657191256,-0.242974339,0.595987362
C02,0.000338079,0.002139112,0.002387651,0.473127222,0.528098833,0.895906584,0.185151329
C09,0.000287664,0.004010016,0.00219787,1.019251074,0.558646582,1.824500688,0.034038206
C15,0.000794783,0.003086381,0.002044519,0.329782385,0.218458613,1.50958747,0.06557436
C16,0.000539741,-0.003058983,0.002035389,-0.453510859,0.301757478,-1.502898493,0.933567389
C18,0.0039146,0.003892274,0.002245228,0.112397169,0.064835427,1.733576444,0.041496632
C19,0.000871889,-0.000759596,0.002229405,-0.07508352,0.220369331,-0.340716738,0.633341582
C20,0.0020611,-0.000998552,0.002228117,-0.048377617,0.107947267,-0.448159717,0.672981034
C21,0.000258008,-0.001784069,0.002314493,-0.498137265,0.646238954,-0.770825191,0.779594723
C22,0.000246145,0.003639691,0.002199714,1.058474217,0.639708193,1.654620385,0.049000763
C25,0.00043891,0.003309114,0.00212512,0.585182529,0.375805413,1.557142362,0.059718345
C32,0.000338079,-0.000254967,0.002137765,-0.056393411,0.472829277,-0.119268019,0.54746849
C34,0.00179123,-0.000183586,0.002105525,-0.009977692,0.114432811,-0.087192583,0.534740783
C43,0.00296857,-0.000217504,0.002403872,-0.007837934,0.086625304,-0.090480884,0.536047458
C44,0.014312,0.011204565,0.00302373,0.119487369,0.032245564,3.70554445,0.000105469
C45,0.000163108,-0.001565308,0.002001581,-0.650813686,0.832204276,-0.78203598,0.782903286
C49,0.00039146,0.000475232,0.002135883,0.092684258,0.416560316,0.22249901,0.411962722
C50,0.0163405,0.011827268,0.00247114,0.114447205,0.023912123,4.7861583,8.5e-07
C53,0.000430013,-0.001988098,0.002247553,-0.35778331,0.404475489,-0.884561165,0.81180332
C54,0.00175267,0.001196254,0.002045119,0.06618737,0.113154085,0.584931338,0.279296943
C56,0.00130487,0.001806748,0.00217199,0.127544621,0.1533283,0.831840052,0.202749616
C61,0.00674083,0.004857284,0.002412497,0.091542446,0.045466941,2.013384759,0.022037084
C62,0.000524913,0.001791776,0.002271322,0.272011132,0.344811476,0.78886914,0.215094247
C64,0.00119217,0.002454633,0.002205228,0.186787292,0.167808591,1.113097314,0.132833319
C67,0.00292705,0.004156021,0.002481331,0.15147425,0.090436945,1.674915605,0.046975396
C69,0.000308423,0.001305084,0.002179558,0.312385252,0.521699594,0.598783775,0.274658542
C71,0.000468566,0.0001695,0.001941047,0.028346501,0.324613264,0.087323915,0.465207023
C73,0.000572362,8.44e-05,0.002253654,0.011897498,0.317862077,0.037429749,0.485071177
C77,0.000916373,-0.002277484,0.00212977,-0.215913685,0.201909857,-1.06935683,0.857545544
C78,0.00161922,0.000655126,0.001953093,0.038688038,0.115338653,0.335429942,0.368650392
C79,0.00124259,-0.002397806,0.002331442,-0.176285221,0.171406171,-1.028464846,0.848134391
C80,0.000566431,0.0032739,0.002548626,0.465863983,0.3626602,1.284574328,0.099470537
C81,0.000308423,0.000776122,0.002345521,0.185772719,0.561424643,0.330895199,0.370361824
C82,0.000593122,-0.000410592,0.002256247,-0.056186027,0.308747801,-0.181980332,0.572200919
C83,0.000880786,-0.001236229,0.002272262,-0.121159785,0.222698854,-0.544052126,0.706797198
C85,0.00161329,0.001186135,0.002118805,0.070258584,0.12550363,0.559813166,0.287803441
C90,0.000619812,-0.0024481,0.002016563,-0.322727359,0.265838831,-1.213996311,0.887625433
C91,0.000596087,-0.003531734,0.002356522,-0.481246436,0.321107975,-1.498705957,0.933025035
C92,0.000563465,-0.001705389,0.001982385,-0.243755167,0.283346883,-0.860271214,0.805180222
D03,0.000886717,-0.002016459,0.002373768,-0.196517887,0.231340085,-0.849476162,0.802191805
D04,0.000649468,-0.001187572,0.002193705,-0.15047821,0.277966097,-0.541354544,0.705868384
D05,0.00265718,0.002642728,0.002112881,0.104143524,0.083263532,1.250769955,0.10550921
D06,0.00117438,-0.000873797,0.002197708,-0.067329773,0.169342768,-0.397594616,0.654535485
D07,0.000616846,0.002825416,0.002149826,0.373985293,0.284560996,1.314253527,0.09438045
D09,0.000272836,0.00110262,0.002251629,0.293356765,0.599055509,0.489698801,0.312173525
D10,0.000776989,-0.000709409,0.002218903,-0.077260426,0.241656588,-0.319711646,0.625406535
D11,0.000723608,-0.000387871,0.002147967,-0.044855523,0.248402766,-0.180575778,0.571649715
D12,0.0142171,0.01187755,0.002450052,0.127286899,0.02625622,4.847875989,6.24e-07
D13,0.00153322,0.003212447,0.002023409,0.198442557,0.12499206,1.5876413,0.056183737
D14,0.000450772,0.002170025,0.002458412,0.375101692,0.42495109,0.8826938,0.188700866
D16,0.000480428,0.002452773,0.002345826,0.401536117,0.384028206,1.045590169,0.147875145
D17,0.0102017,0.001494793,0.002050568,0.020521152,0.028151065,0.728965382,0.233011419
D18,0.00191875,0.001872078,0.002177878,0.096165947,0.111874403,0.859588469,0.195007967
D21,0.000794783,0.000390545,0.002214042,0.041730077,0.236572305,0.176394601,0.429991973
D22,0.00769872,0.003699261,0.002194138,0.062928139,0.037324489,1.685974569,0.045900349
D23,0.00704332,0.000773329,0.002175068,0.014088172,0.03962445,0.355542391,0.361091647
D24,0.00253263,5.58e-05,0.002165025,0.00228633,0.088700627,0.025775809,0.489718078
D25,0.0129034,0.008073803,0.002313024,0.09296,0.026631657,3.490582672,0.000240984
D26,0.000346976,-0.002482451,0.002119137,-0.536945672,0.458362141,-1.171444201,0.879289863
D27,0.00177936,0.000642434,0.002112725,0.035106543,0.115452315,0.304078298,0.38053412
D28,0.000299526,0.002251591,0.002294318,0.552705428,0.563193703,0.981377143,0.163203397
D30,0.000180902,0.001914668,0.00242528,0.727407985,0.921396254,0.789462711,0.214920808
D32,0.00070878,-0.000803197,0.00227121,-0.094524286,0.267287551,-0.353642679,0.638196657
D33,0.000563465,-0.002191932,0.002146524,-0.313297978,0.306807732,-1.021154114,0.846409286
D34,0.000403323,-0.001139335,0.00192141,-0.216593866,0.36527071,-0.592968064,0.723398737
D35,0.00099941,-0.001657983,0.002003703,-0.146167441,0.176646015,-0.827459602,0.796011695
D36,0.001121,-0.001080976,0.002081705,-0.08658538,0.166743028,-0.519274366,0.698215287
D37,0.00132859,0.002201549,0.002291347,0.153109245,0.159354319,0.960810136,0.168323821
D38,0.000183868,0.00141523,0.002295392,0.530110426,0.859797465,0.616552674,0.268764909
D39,0.000302492,-0.003345402,0.001910092,-0.814264117,0.464912439,-1.75143543,0.960064533
D41,0.00101127,0.000223931,0.002054092,0.019547814,0.17930989,0.109016932,0.45659453
D44,0.000240214,-0.002839156,0.002045792,-0.843282211,0.607638228,-1.38780309,0.917401493
D45,0.000539741,0.003860224,0.002798908,0.572299073,0.414953214,1.379189397,0.083918183
D46,0.00026987,4.8e-05,0.002368387,0.012900799,0.63609489,0.020281249,0.491909507
D47,0.000376632,0.001486129,0.002122628,0.299593832,0.427907898,0.700136252,0.241921109
D48,0.00123073,0.001705179,0.00219747,0.126367238,0.162849864,0.775973861,0.21888221
D50,0.00526395,-0.001257287,0.002389328,-0.028731561,0.054601,-0.52620942,0.700628645
D61,0.000189799,-0.003045367,0.002212241,-1.109649493,0.806081017,-1.376597971,0.915681711
D64,0.00701959,-0.000254979,0.002021203,-0.004657208,0.036917464,-0.126151902,0.550194158
D68,0.000228352,-0.003740324,0.002176112,-1.160758824,0.675326938,-1.718810191,0.95717553
D69,0.000788852,0.001737057,0.00230591,0.186780474,0.247947522,0.753306474,0.225632885
D70,0.00184164,0.000213141,0.002202495,0.011323078,0.117007145,0.096772537,0.461453517
D75,0.000536775,0.001502526,0.002354587,0.223803964,0.350719878,0.6381274,0.261695376
D86,0.000341045,0.000546494,0.002188782,0.119969086,0.480492537,0.249679395,0.401417647
D89,0.000260973,-0.002979718,0.002223869,-0.8238011,0.614832021,-1.339879954,0.909857812
E03,0.000263939,0.005320061,0.002116169,1.456542505,0.579371095,2.514006167,0.005968417
E04,0.00220938,0.005762579,0.002135882,0.2637998,0.097776566,2.697985944,0.003488019
E05,0.000886717,-0.000354311,0.00209639,-0.034530047,0.204307689,-0.169010024,0.567105622
E07,0.000207593,0.000809847,0.002119694,0.272983348,0.714506494,0.382058596,0.351208951
E10,0.00127818,0.00428318,0.002178434,0.30759621,0.15644408,1.966173536,0.024639284
E11,0.00164591,0.002634195,0.002657338,0.153479861,0.154828284,0.991290848,0.16077179
E14,0.000616846,-0.000415231,0.002544175,-0.054961916,0.33675883,-0.163208538,0.564822878
E16,0.000676159,0.001846576,0.00240819,0.226142498,0.294921136,0.766789728,0.221603272
E21,0.00051305,0.000818959,0.002072556,0.126769834,0.320818909,0.395144523,0.346368116
E22,0.000240214,-0.00188205,0.002408066,-0.559003901,0.715240423,-0.781560833,0.782763644
E23,0.000332148,0.00191196,0.002125319,0.429370431,0.477284671,0.89961077,0.184163712
E27,0.000344011,-0.001054844,0.002205442,-0.229848044,0.480560853,-0.478291235,0.683778533
E66,0.000643537,0.003256388,0.002450764,0.415836914,0.312959668,1.328723656,0.091969579
E83,0.00115659,-0.002790648,0.002148487,-0.217782572,0.167668228,-1.298889924,0.903009146
E86,0.000346976,0.000568708,0.002807053,0.123009684,0.607156086,0.202599771,0.419723935
E87,0.000886717,-0.00044518,0.002027519,-0.043385912,0.197595703,-0.219569107,0.586896623
F10,0.00185647,-0.002317151,0.002488081,-0.12229127,0.131312366,-0.931300484,0.824150924
F20,0.000504153,0.001378368,0.002150497,0.21656552,0.337880347,0.640953289,0.260776516
F23,0.000207593,-0.002324889,0.002290909,-0.783673789,0.772219914,-1.0148324,0.844907137
F25,0.000172005,0.002221485,0.002333066,0.881857117,0.926151201,0.952174025,0.170504366
F30,0.000219455,0.000278443,0.002221961,0.089439779,0.713723786,0.125314276,0.450137375
F31,0.000898579,0.004836993,0.002405174,0.466169844,0.231800968,2.011078075,0.022158605
F32,0.00192171,0.00311167,0.002278615,0.159639906,0.116901183,1.365597007,0.086032743
F33,0.000747333,0.003503007,0.002279996,0.394228521,0.256590871,1.536408988,0.062219052
F41,0.000854095,0.000977751,0.002224753,0.098336167,0.22375191,0.439487496,0.33015417
F43,0.000539741,0.004356967,0.002132684,0.645944008,0.316181991,2.042950028,0.020528693
F45,0.000542706,0.00096364,0.002320996,0.142200689,0.342500483,0.415183907,0.339003639
F52,0.000305458,-0.0024675,0.002267155,-0.595557477,0.547202217,-1.088368172,0.861783697
F60,0.00029063,0.002629795,0.002221391,0.662544976,0.55965256,1.183850524,0.118236119
F99,0.000281733,-0.000324443,0.002680832,-0.083961467,0.69376229,-0.121023394,0.548163747
G20,0.000287664,-0.003686904,0.002063511,-0.937123809,0.5244956,-1.78671434,0.963008165
G24,0.000246145,0.001254472,0.002247031,0.364818324,0.653468913,0.558279539,0.288326757
G35,0.00136418,0.001990099,0.002103389,0.135403967,0.143112087,0.94613928,0.172038776
G37,0.000483394,0.00323503,0.002417403,0.526825065,0.393674376,1.33822544,0.090411479
G40,0.00176157,-0.001807722,0.002087358,-0.099603964,0.115011699,-0.866033324,0.806764056
G43,0.00217676,0.001650804,0.002271735,0.076492421,0.105264196,0.726670837,0.233713811
G44,0.000625743,0.003162054,0.002514544,0.41349548,0.328821814,1.25750623,0.104285192
G45,0.00334224,-0.00011839,0.002020488,-0.003878691,0.066195137,-0.058594796,0.523362572
G47,0.00600536,0.006435537,0.00246662,0.132671017,0.05085031,2.609050303,0.004539695
G50,0.000468566,-0.000169879,0.002289784,-0.028409902,0.382934662,-0.074189946,0.529570377
G51,0.000744368,0.002799688,0.002147077,0.316135466,0.242443804,1.303953578,0.096124705
G54,0.000323251,-0.0008545,0.002272478,-0.196430341,0.522391352,-0.376021426,0.646549516
G56,0.0174556,0.016245613,0.002630696,0.149831282,0.024262586,6.175404457,3.3e-10
G57,0.00216193,0.000824527,0.002580517,0.038419201,0.120240301,0.319520164,0.374666052
G58,0.000311389,-0.001009114,0.001983396,-0.239559423,0.470849903,-0.508780869,0.694547085
G61,0.000367735,0.000240052,0.002103794,0.049395592,0.432897854,0.114104498,0.454577478
G62,0.000527878,0.000983642,0.002231812,0.148613368,0.337192931,0.440736902,0.329701739
G70,0.000201661,0.001634446,0.002182548,0.564982707,0.75444641,0.748870561,0.226967613
G81,0.000759196,0.000601904,0.00224564,0.066844746,0.249390585,0.268032357,0.394337206
G82,0.000186833,0.002517343,0.002328068,0.929900852,0.859983041,1.081301383,0.139781536
G93,0.000530844,-0.001036489,0.001973857,-0.155853133,0.296801752,-0.525108534,0.700246128
G95,0.000492291,0.000730704,0.002218109,0.11715943,0.355646456,0.329426677,0.370916603
H00,0.00332445,0.000223339,0.002356632,0.007348394,0.077538852,0.094770482,0.462248567
H01,0.000329182,0.000747737,0.002115107,0.169220112,0.478669244,0.353522007,0.361848567
H02,0.00858247,0.001401488,0.002143529,0.021937309,0.033552393,0.653822498,0.256613085
H04,0.00275208,-0.002897887,0.002232119,-0.111004583,0.085502097,-1.298267372,0.902902263
H05,0.000293595,-0.001145285,0.002105691,-0.286025768,0.525879611,-0.543899711,0.706744756
H11,0.000812577,-0.000148946,0.002199545,-0.015621132,0.23068361,-0.067716695,0.52699442
H16,0.000287664,-0.004032444,0.002232459,-1.024951648,0.56743815,-1.806279061,0.96456262
H18,0.000545672,-0.00292837,0.002116916,-0.430130671,0.310941068,-1.383318946,0.916716454
H25,0.00786183,0.00807502,0.002373375,0.13517102,0.03972889,3.402335656,0.000334063
H26,0.0178678,0.010755404,0.002640611,0.097531831,0.023945509,4.073074046,2.32e-05
H27,0.000246145,-0.002613865,0.002266157,-0.760149347,0.659030818,-1.153435206,0.875634101
H33,0.00500001,0.002421018,0.002238978,0.057606171,0.053274679,1.081304907,0.139780753
H34,0.000421116,0.002595377,0.002090549,0.47549753,0.383008258,1.241481146,0.107214029
H35,0.00240214,-0.000913826,0.001928209,-0.039081126,0.082462695,-0.47392491,0.682223273
H40,0.00291519,-0.000165754,0.002351048,-0.006061041,0.085969381,-0.070502317,0.528103072
H43,0.000744368,-0.000134488,0.002520016,-0.01518617,0.284555463,-0.053368048,0.521280668
H49,0.000234283,-0.002383175,0.002133709,-0.723337935,0.647620426,-1.116916494,0.867984984
H50,0.00136418,0.001292994,0.002091399,0.087973776,0.142296302,0.618243585,0.268207392
H52,0.000394426,-0.000334901,0.002398473,-0.064894676,0.464758122,-0.139631076,0.555524257
H53,0.00107652,0.003041264,0.002211643,0.251972153,0.183237117,1.375115243,0.08454786
H57,0.000361804,0.00144667,0.002197077,0.301864711,0.45844592,0.65845217,0.255123811
H59,0.000177936,-0.002735046,0.002298909,-1.054138583,0.88604309,-1.189714806,0.882920748
H60,0.000643537,0.000143835,0.002218825,0.018367568,0.283341342,0.064824877,0.474156717
H61,0.00109134,-0.00089976,0.001912741,-0.073699886,0.156673748,-0.470403539,0.680966632
H65,0.00170522,0.002067591,0.002217854,0.117007862,0.12551145,0.932248509,0.175604056
H66,0.00103796,-0.000821494,0.002088597,-0.070166654,0.178394418,-0.393323148,0.652959588
H69,0.000240214,-0.002413322,0.00222952,-0.716801615,0.662208924,-1.082440283,0.860471532
H71,0.000690987,0.003801167,0.002179201,0.457053908,0.262028055,1.744293784,0.040553938
H72,0.00143535,0.002593925,0.002210541,0.169210384,0.144201002,1.173434181,0.120310868
H73,0.000373667,0.00044284,0.001924031,0.089881059,0.390510735,0.230162838,0.408982619
H74,0.000539741,-1.82e-05,0.002239849,-0.002691308,0.332069778,-0.008104645,0.50323325
H80,0.000471532,0.002991271,0.002250714,0.497562797,0.374379777,1.329032247,0.091918666
H81,0.000596087,0.001445684,0.002247532,0.196994046,0.306256597,0.643232009,0.260036783
H83,0.000975685,0.002269379,0.002200888,0.204131207,0.197970408,1.031119799,0.151242322
H90,0.000498222,-0.000931115,0.002223167,-0.147776861,0.352837893,-0.41882367,0.662327498
H91,0.000785886,0.002513621,0.002471011,0.271140759,0.266544531,1.01724375,0.154518744
H92,0.00058719,0.002009482,0.002285701,0.277335458,0.315457331,0.879153631,0.189658991
H93,0.000266905,-0.000348093,0.002111562,-0.094386502,0.572556079,-0.164851105,0.565469411
I05,0.000216489,-0.000927362,0.002191839,-0.301417056,0.712405103,-0.423097835,0.663888059
I08,0.00036477,-0.001511359,0.002369094,-0.313160924,0.490887914,-0.637947922,0.738246209
I10,0.0014828,0.004269022,0.00203251,0.271093894,0.129069633,2.100369289,0.017848184
I12,0.000581259,0.002291596,0.002048884,0.319008147,0.285220768,1.118460445,0.131685196
I20,0.0143446,0.010248953,0.00249586,0.109113338,0.026571652,4.106381399,2.01e-05
I21,0.0116459,0.008698084,0.002430031,0.108101654,0.03020095,3.579412397,0.000172184
I22,0.00126335,0.002695693,0.002175822,0.195476134,0.157778093,1.23893077,0.107685569
I24,0.000854095,0.001462688,0.002252775,0.147108126,0.226570173,0.649282842,0.258077787
I25,0.0259639,0.018830675,0.003555847,0.13085667,0.024710017,5.295693361,5.93e-08
I26,0.00361211,0.004450895,0.002356767,0.137037813,0.072562085,1.888559484,0.02947544
I30,0.00031732,0.00503279,0.002337658,1.175511135,0.546007796,2.152920059,0.015662481
I31,0.000744368,0.002728511,0.002587945,0.308098251,0.292225841,1.054315558,0.145869234
I33,0.000263939,-0.001970944,0.002137838,-0.539611091,0.585303892,-0.921933202,0.82171829
I34,0.00104389,0.000956455,0.002173753,0.081306107,0.184785986,0.440001479,0.329968018
I35,0.00142646,7.85e-05,0.002434242,0.005149842,0.159612699,0.03226461,0.487130516
I42,0.000845198,0.002453488,0.002183132,0.248937872,0.221506757,1.123838728,0.130540724
I44,0.00102907,-0.000373174,0.002283901,-0.032104271,0.196484494,-0.163393409,0.564895654
I45,0.000566431,-0.001586571,0.002110761,-0.225763231,0.300353623,-0.751658093,0.773871651
I46,0.00024318,-0.003345279,0.002356547,-0.983113272,0.69254382,-1.419568328,0.922133304
I47,0.00340155,0.002161395,0.002244304,0.069820777,0.072499055,0.96305776,0.167759269
I48,0.0113227,0.009432528,0.002713663,0.119726719,0.034444419,3.475939547,0.000254534
I49,0.00143535,0.001888036,0.002186207,0.123162885,0.142613605,0.863612453,0.193900411
I50,0.00182978,0.000865871,0.002202836,0.046243717,0.117647293,0.39307081,0.347133591
I51,0.000447807,0.001172226,0.002289084,0.203771976,0.397919019,0.512094084,0.304292582
I60,0.00123073,-0.003617709,0.002177967,-0.268100808,0.161404593,-1.661048199,0.951648117
I61,0.000753264,0.002502749,0.002331303,0.279787976,0.260621684,1.073540665,0.141514302
I62,0.000388495,-0.000193,0.002013053,-0.037886753,0.395171657,-0.095874167,0.538189744
I63,0.00339266,0.003525076,0.00226995,0.114111606,0.073481441,1.552930969,0.060219814
I64,0.00160143,0.00087917,0.002187671,0.052393762,0.13037331,0.401874909,0.343888045
I65,0.000839267,-6.15e-05,0.002278901,-0.006274627,0.232596745,-0.026976416,0.510760728
I67,0.000833336,-0.000660372,0.00185833,-0.067804201,0.190805403,-0.355357868,0.638839246
I70,0.00100831,0.003493951,0.001973145,0.305750944,0.172667224,1.770752645,0.038300922
I71,0.000868923,-0.001561041,0.002145521,-0.154745907,0.212685381,-0.727581303,0.766565035
I72,0.000385529,-0.002137196,0.002251543,-0.422305976,0.444900644,-0.949214125,0.828744141
I73,0.00154508,0.003236717,0.002259727,0.198673953,0.138705055,1.432348321,0.07602208
I74,0.000960857,0.001707844,0.002074407,0.155603591,0.189001505,0.823292869,0.205170734
I77,0.00129894,-0.001509159,0.002365228,-0.106940328,0.16760211,-0.638060749,0.738282932
I78,0.000613881,-0.001489574,0.002101415,-0.197974112,0.27929171,-0.708843494,0.760789198
I80,0.00478353,0.010284004,0.002683112,0.253376917,0.066106411,3.832864491,6.33e-05
I82,0.000323251,-0.002348238,0.002877646,-0.539806767,0.661505878,-0.816027166,0.792757701
I83,0.0206347,0.022049006,0.003170327,0.180265599,0.02591958,6.954804071,1.77e-12
I84,0.0242883,0.007066947,0.002257916,0.051463915,0.016442915,3.129853528,0.000874467
I85,0.000596087,-0.001933772,0.001963684,-0.263502501,0.267578449,-0.984767278,0.837630801
I86,0.000510085,0.000971713,0.002163983,0.151159609,0.336629043,0.44903912,0.326701718
I87,0.000260973,-0.004153174,0.002197467,-1.148225807,0.607532693,-1.889981924,0.970619811
I89,0.000260973,-0.000608572,0.002187293,-0.16825164,0.60471989,-0.278230703,0.609582366
I95,0.000919338,0.001993971,0.002069233,0.188524132,0.195639933,0.963628072,0.167616214
J01,0.000240214,0.002620124,0.002047582,0.778225492,0.608170049,1.279618247,0.100339715
J02,0.000613881,-0.001382159,0.002125534,-0.183697897,0.282497246,-0.650264381,0.74223927
J03,0.000898579,0.003691623,0.002117074,0.355783701,0.204035055,1.74373811,0.040602383
J06,0.00075623,0.000909688,0.002109593,0.101359737,0.235056137,0.431215019,0.333156017
J13,0.000326217,-0.000703851,0.002495778,-0.160533059,0.569232817,-0.282016521,0.611034579
J15,0.000418151,0.001530884,0.002198091,0.282173293,0.40515313,0.696460849,0.243070134
J18,0.00728353,0.000430225,0.002437517,0.007637495,0.043271562,0.176501493,0.429949988
J22,0.00590749,0.005506443,0.002306405,0.114980289,0.04816016,2.387456548,0.008482704
J31,0.000619812,0.001457986,0.002159955,0.192202949,0.284741852,0.675007723,0.249835429
J32,0.0026038,-0.002257128,0.002273169,-0.09042094,0.091063562,-0.992943145,0.839631169
J33,0.0048547,0.005438225,0.002290942,0.132436751,0.055791173,2.373793982,0.008803186
J34,0.0101809,0.005033966,0.00231412,0.069214771,0.031818108,2.175326425,0.014802832
J35,0.00149763,0.000796054,0.002142188,0.050137618,0.13492069,0.371608074,0.355092338
J36,0.000741402,0.000611854,0.002174648,0.069322439,0.246385364,0.281357782,0.389217998
J38,0.00236359,0.000530477,0.00225329,0.022986845,0.097640392,0.235423518,0.406940017
J39,0.000690987,-0.000479719,0.002128565,-0.05768165,0.255939578,-0.225372137,0.589155107
J40,0.000275802,0.003892146,0.002743972,1.025901918,0.723263143,1.418435223,0.078031869
J43,0.000272836,-0.001425375,0.002281211,-0.379227077,0.606926093,-0.624832383,0.733959463
J44,0.00259194,0.006491003,0.002108129,0.260993915,0.084764847,3.079034833,0.001038362
J45,0.00366253,0.001369502,0.002372514,0.041701354,0.072243049,0.577236898,0.281889717
J46,0.000450772,0.001131647,0.002257103,0.195611979,0.390153579,0.50137174,0.308054762
J47,0.000664296,0.004159313,0.002209431,0.517057015,0.274661214,1.882526505,0.029882282
J84,0.000456704,0.000581604,0.002473537,0.099417584,0.422818976,0.235130374,0.407053772
J86,0.000305458,0.003874786,0.002157443,0.935220919,0.520722053,1.796007895,0.036246631
J90,0.00148577,0.001410604,0.002043213,0.0894292,0.129535278,0.690384905,0.244976084
J93,0.000622778,0.000714606,0.00216983,0.093824527,0.284888808,0.329337357,0.370950355
J96,0.000272836,-0.000383832,0.002248726,-0.102120107,0.598283148,-0.17068859,0.567765682
J98,0.000969754,-0.002218409,0.00195732,-0.200567708,0.176962533,-1.133390808,0.871474914
K00,0.000284698,0.000954413,0.002282179,0.244767361,0.585284455,0.418202395,0.337899572
K01,0.00336893,0.003121734,0.002211764,0.101624423,0.072001404,1.411422791,0.079059993
K02,0.00398281,0.00366348,0.002249773,0.104346724,0.06408017,1.628377755,0.051722406
K04,0.0036388,-0.000186824,0.002104364,-0.005718367,0.064411149,-0.088779145,0.535371284
K05,0.000931201,-0.000496918,0.002034273,-0.046479822,0.190278145,-0.244273044,0.59649032
K06,0.000373667,-0.000842801,0.002030081,-0.171059066,0.412035138,-0.4151565,0.66098633
K07,0.000910442,-0.002148593,0.002204485,-0.204806789,0.210134425,-0.97464653,0.835132188
K08,0.00367439,0.003337288,0.002279525,0.101358532,0.069232648,1.464027958,0.071593155
K09,0.00060795,0.003666643,0.002186762,0.491348743,0.293037137,1.67674564,0.046796116
K10,0.000361804,0.002202119,0.002396872,0.459498017,0.500135552,0.918746958,0.179113971
K11,0.00162515,-0.001461728,0.001953916,-0.086061757,0.115040224,-0.748101441,0.772800513
K12,0.000495257,0.000291964,0.002017071,0.046573798,0.321761195,0.144746472,0.442455523
K13,0.00386419,-0.001313417,0.002151062,-0.038320838,0.062760367,-0.610589771,0.729264402
K14,0.00148577,0.004700232,0.002382194,0.297984464,0.151025909,1.973068502,0.024243879
K20,0.00999113,0.004906111,0.002265548,0.068422585,0.031596236,2.165529636,0.015173574
K21,0.0215956,0.010471167,0.002095998,0.082872968,0.01658856,4.995790355,2.93e-07
K22,0.010261,0.005910781,0.002878686,0.080791484,0.039347306,2.053291367,0.020022164
K25,0.00370998,-0.000379832,0.002120103,-0.011447716,0.063897544,-0.179157378,0.571092935
K26,0.00280547,-0.000842867,0.002241806,-0.031789326,0.08455125,-0.375977007,0.646533005
K27,0.000201661,-0.000426833,0.002105877,-0.147544387,0.727943503,-0.20268659,0.580309997
K29,0.0239621,0.007810589,0.002595588,0.057424064,0.019082967,3.009178963,0.001309774
K30,0.015006,0.006887506,0.002319902,0.070935231,0.02389294,2.96887834,0.001494445
K31,0.00360618,0.001219112,0.00212702,0.037584305,0.065574442,0.573154787,0.283269947
K35,0.00497036,0.004182917,0.002027482,0.099995891,0.04846854,2.063109204,0.019551127
K37,0.000717677,0.001154272,0.001867584,0.134417159,0.21748372,0.61805619,0.26826915
K40,0.0261418,0.019094872,0.002967635,0.132060146,0.020524167,6.43437287,6.2e-11
K41,0.000966788,0.002829238,0.002533164,0.256449969,0.229613018,1.116879053,0.132023021
K42,0.00484284,0.002001058,0.002078683,0.048825624,0.050719675,0.962656491,0.167859969
K43,0.00455517,0.005103922,0.002090538,0.130698735,0.053533481,2.441439129,0.007314427
K44,0.01578,0.005925449,0.002102774,0.058818455,0.020873008,2.817919515,0.002416796
K46,0.000237249,0.004833638,0.003056121,1.451204566,0.917540192,1.581625065,0.056867594
K50,0.00217082,0.004491813,0.002174879,0.208598301,0.101000669,2.065316019,0.019446554
K51,0.00468269,0.006338739,0.002314147,0.158819388,0.057981781,2.73912574,0.00308014
K52,0.0191371,0.006732189,0.002428371,0.058097608,0.020956418,2.772306243,0.002783032
K55,0.000602018,-0.000550328,0.002168165,-0.07436248,0.292970871,-0.253822095,0.600183498
K56,0.00340452,-0.001036548,0.002219214,-0.033460853,0.071638538,-0.467078945,0.679778301
K57,0.0203589,0.012739044,0.002497405,0.105157961,0.020615518,5.100912846,1.69e-07
K58,0.00263939,0.001870946,0.002331188,0.074131364,0.092367269,0.80257179,0.211111139
K59,0.00717381,0.001443153,0.002134461,0.025920907,0.038337702,0.676120516,0.249482066
K60,0.00467973,0.005253589,0.002237235,0.131696361,0.056082753,2.348250643,0.009430912
K61,0.00241697,-0.000124336,0.002266261,-0.00529089,0.096436833,-0.054863791,0.52187651
K62,0.0292201,0.004771961,0.002167136,0.03054456,0.013871491,2.201966667,0.013833832
K63,0.011379,0.003170736,0.002310983,0.040096594,0.029224295,1.372029447,0.085027136
K65,0.000498222,0.001161184,0.00237334,0.18429098,0.376671728,0.489261515,0.312328282
K66,0.000907476,0.000537247,0.002865097,0.051351474,0.273853385,0.187514475,0.425628638
K70,0.000676159,-0.002723772,0.002176506,-0.333569143,0.266547677,-1.251442693,0.894613495
K74,0.000492291,-0.00327431,0.002131286,-0.524995345,0.341725562,-1.536306919,0.937768438
K75,0.000504153,-0.005307641,0.002255392,-0.833922555,0.354361183,-2.353312367,0.990696502
K76,0.00105576,0.004746832,0.002220999,0.399726854,0.1870285,2.13725103,0.01628879
K80,0.0207177,0.01345979,0.002955404,0.1097274,0.024093157,4.554297376,2.63e-06
K81,0.00388495,0.000837073,0.002128433,0.024318868,0.061835843,0.393281102,0.347055937
K82,0.000557534,-0.000941471,0.002180155,-0.135782052,0.314429035,-0.431836875,0.667070012
K83,0.00144129,-0.002650156,0.002258023,-0.17228982,0.146796814,-1.173661848,0.879734751
K85,0.00239918,0.003125294,0.002400943,0.133791977,0.10278292,1.301694655,0.096510394
K86,0.000928235,0.000318144,0.002175509,0.029837647,0.204033666,0.146238844,0.441866421
K90,0.00185054,0.002485003,0.002142325,0.131494561,0.113361681,1.159955986,0.123033363
K91,0.00127521,0.00195149,0.002308346,0.140416649,0.166093753,0.845405966,0.198942107
K92,0.00680607,0.002836326,0.002440115,0.053057646,0.04564594,1.162373832,0.122541824
L02,0.00349645,-0.002743381,0.002546759,-0.086690993,0.080477727,-1.077204791,0.859305607
L03,0.00823549,0.005936933,0.002184473,0.095907274,0.035288741,2.717786767,0.003286009
L05,0.000889682,0.000394753,0.002216443,0.038363747,0.215403106,0.178102107,0.429321394
L08,0.000981616,0.000238625,0.002057738,0.021355787,0.184157376,0.115964876,0.453840189
L27,0.000222421,-0.001115161,0.002106844,-0.354059748,0.668915701,-0.529303988,0.701702705
L28,0.000231317,-0.0002275,0.002160312,-0.069816592,0.662970164,-0.105308799,0.541934609
L29,0.000557534,-0.001352608,0.002309973,-0.195077526,0.333151878,-0.585551334,0.72091147
L30,0.000640571,-0.002959248,0.002193383,-0.379373434,0.281190113,-1.349170602,0.911358912
L40,0.00101424,0.00208998,0.002392205,0.181996476,0.208314324,0.873662801,0.191150957
L43,0.000759196,0.001383861,0.002245701,0.153685276,0.249397365,0.616226544,0.268872506
L50,0.000278767,-0.002415878,0.002144066,-0.630931428,0.559945112,-1.126773704,0.870080914
L53,0.000228352,-0.00083136,0.00260859,-0.258001249,0.809540543,-0.318700838,0.62502331
L57,0.00213227,0.002962324,0.002378369,0.139594739,0.112076774,1.245527816,0.106468899
L60,0.0018713,0.001072823,0.002207794,0.056251807,0.115762228,0.485925398,0.31351003
L72,0.0148755,0.002479457,0.002351495,0.025700567,0.024374186,1.054417423,0.145845924
L73,0.000533809,-0.001304693,0.002063118,-0.19525436,0.308756721,-0.632389019,0.736433646
L81,0.000948995,-0.000900288,0.002034782,-0.082884274,0.187330492,-0.442449456,0.670918001
L82,0.00386122,0.001328875,0.002286152,0.038795571,0.066742607,0.581271436,0.280528764
L85,0.000667262,0.000236884,0.00246848,0.029337085,0.305710208,0.095963707,0.461774699
L90,0.00350831,-0.002523628,0.002356899,-0.07953107,0.074276694,-1.070740571,0.857856952
L91,0.00141459,-0.002009952,0.002164494,-0.132705978,0.142909546,-0.928601215,0.823452104
L92,0.000688021,-0.001430674,0.002326818,-0.172651351,0.280796532,-0.614862833,0.730677345
L97,0.000516016,-0.003750688,0.002137356,-0.577741308,0.3292299,-1.754826366,0.960355494
L98,0.00820584,0.002600183,0.002341694,0.042120357,0.037933094,1.110385493,0.133416473
M00,0.000501188,0.000569281,0.002109576,0.089894657,0.333121173,0.269855728,0.393635624
M05,0.000596087,0.001194153,0.001991981,0.162719442,0.271434323,0.599479979,0.274426428
M06,0.00285885,-0.00084139,0.002189351,-0.031254605,0.081326523,-0.384310111,0.649625692
M10,0.000536775,0.005144413,0.002539574,0.766269465,0.378274089,2.025699059,0.021397817
M13,0.00200772,0.001434004,0.002246558,0.070980359,0.111200205,0.638311406,0.261635494
M15,0.00182681,0.004168043,0.002122115,0.222899884,0.113487127,1.964098392,0.024759341
M16,0.0146323,0.013285432,0.0029441,0.139387887,0.030888862,4.512561378,3.2e-06
M17,0.0194544,0.014063965,0.002595172,0.119942224,0.022132502,5.419279849,2.99e-08
M18,0.0013879,0.000205817,0.002256876,0.013804945,0.151377529,0.091195471,0.463668637
M19,0.00731319,0.003737717,0.002107711,0.066145686,0.037299764,1.773354025,0.038085031
M20,0.0152669,0.007617794,0.002271729,0.077470159,0.02310265,3.353301784,0.000399268
M21,0.00112397,0.00792745,0.002355139,0.633585813,0.188229855,3.366021897,0.000381303
M22,0.000901545,-0.000614568,0.002193803,-0.059066086,0.210846149,-0.280138318,0.610314306
M23,0.0222094,0.00543137,0.002183918,0.042137521,0.016943219,2.486984376,0.006441553
M24,0.00248518,0.006438415,0.002038665,0.267856866,0.084814435,3.158151858,0.000793864
M25,0.0145552,0.005121074,0.002197264,0.053938504,0.02314302,2.330659714,0.009885655
M31,0.000516016,-0.000777675,0.002314806,-0.119790032,0.356563686,-0.335956904,0.631548318
M32,0.000192765,-0.000100744,0.002236311,-0.036217028,0.803941194,-0.04504935,0.517966013
M34,0.000151246,-0.001223819,0.002387525,-0.543483161,1.060271149,-0.512588843,0.69588052
M35,0.00039146,-0.003930928,0.001987474,-0.766647123,0.387616087,-1.977851664,0.976027278
M41,0.00029063,-0.005186271,0.00196838,-1.306618007,0.495909454,-2.634791487,0.995790551
M43,0.00100534,-0.000981209,0.002173317,-0.086076046,0.190653156,-0.451479785,0.674178104
M45,0.000352907,0.003239443,0.002235103,0.690553012,0.476457411,1.449348874,0.073620089
M46,0.000498222,0.002384851,0.00322973,0.378498651,0.512588925,0.73840583,0.230133936
M47,0.00363287,0.003594631,0.002526581,0.110169162,0.077435304,1.422725242,0.07740791
M48,0.0028974,0.001380667,0.001985266,0.050735816,0.072953205,0.69545699,0.243384478
M50,0.0015777,0.003396058,0.002113386,0.204892456,0.127505683,1.606928035,0.054035078
M51,0.00865957,0.00395665,0.002670469,0.061511746,0.041516231,1.481631266,0.069219217
M53,0.000768092,0.004440754,0.002234537,0.48835044,0.245732408,1.987326149,0.023443133
M54,0.0167853,0.009592894,0.002174467,0.091027273,0.020633583,4.411607689,5.13e-06
M60,0.000213524,-0.001532702,0.002410235,-0.504165289,0.792820166,-0.635913806,0.737583698
M62,0.000685055,0.000370855,0.002107465,0.04491784,0.255255725,0.175971921,0.430158001
M65,0.00536478,0.003424353,0.002140658,0.077097996,0.048196101,1.599672872,0.054835587
M66,0.000714711,0.000863247,0.002141306,0.100878801,0.250232505,0.403140273,0.343422517
M67,0.00529954,0.004585789,0.002133739,0.10424232,0.048503291,2.149180346,0.015810053
M70,0.00199585,0.004808209,0.00225766,0.239153044,0.112292577,2.12973154,0.016596892
M71,0.000818508,-0.001759413,0.001979609,-0.183397823,0.206350621,-0.888767973,0.812936104
M72,0.00552196,0.016022319,0.005324282,0.352671233,0.117194086,3.009292055,0.001309286
M75,0.0122984,0.003981034,0.002034825,0.047503858,0.024280636,1.956450309,0.025206065
M76,0.000516016,0.002528489,0.002183202,0.389478457,0.336291882,1.158155986,0.123400193
M77,0.0020433,0.003886243,0.002381567,0.189618348,0.1162019,1.631800758,0.051360733
M79,0.0139562,0.002210785,0.002262192,0.024018186,0.024576675,0.977275652,0.164216352
M80,0.000225386,0.000258142,0.001958571,0.081023545,0.61474071,0.131801169,0.447570781
M81,0.000854095,-0.00253914,0.002393696,-0.255371015,0.240743185,-1.060761136,0.855600766
M84,0.00215896,0.002377705,0.00220163,0.110914322,0.102700805,1.0799752,0.140076612
M85,0.000219455,-0.003059145,0.002453767,-0.982638436,0.78818294,-1.246713658,0.893748745
M86,0.000471532,0.001755436,0.002286881,0.291996097,0.380395716,0.767611423,0.221359037
M87,0.000352907,0.000738817,0.002147484,0.157493871,0.457779816,0.344038479,0.365408674
M89,0.00166667,-0.003400176,0.002078168,-0.196075528,0.119840224,-1.636141206,0.949094981
M94,0.000625743,-0.00213133,0.002253923,-0.278709677,0.294740941,-0.94560897,0.827825966
M95,0.000489325,-0.000317251,0.002120098,-0.051130038,0.341686998,-0.149639987,0.559475671
M96,0.000453738,0.00249915,0.002105984,0.42958033,0.361998755,1.186690074,0.117674946
N02,0.00099941,0.001133446,0.002216858,0.099924319,0.195437717,0.511284719,0.304575852
N05,0.000216489,0.000734449,0.002328688,0.238715254,0.756884613,0.315391871,0.376232069
N10,0.000260973,-0.003039507,0.002791825,-0.840331039,0.77185443,-1.088717,0.861860649
N12,0.00101424,-0.00244227,0.002137757,-0.212674043,0.186156876,-1.142445277,0.87336551
N13,0.00229538,0.003163146,0.002285374,0.140369615,0.1014171,1.384082321,0.083166625
N17,0.00100238,0.002429936,0.002161919,0.213692292,0.1901225,1.12397161,0.130512535
N18,0.000910442,-0.002149025,0.002183553,-0.204847972,0.208139246,-0.984187155,0.83748825
N19,0.000373667,0.005504942,0.002247942,1.117309964,0.45625324,2.448881159,0.007165036
N20,0.00719753,0.00537478,0.002211157,0.096292518,0.039614243,2.43075494,0.007533701
N21,0.000818508,-0.000647238,0.002181816,-0.067466823,0.22742825,-0.296651023,0.616633524
N23,0.00337783,0.000749806,0.002338633,0.024357559,0.075970818,0.320617309,0.374250209
N28,0.000821473,0.004192219,0.003281075,0.435661253,0.340973837,1.277697014,0.100678139
N30,0.00296264,-0.001143431,0.00217321,-0.041270793,0.078439477,-0.526148239,0.700607393
N31,0.00237249,0.002084585,0.002203488,0.090054606,0.09519128,0.946038397,0.172064501
N32,0.00815246,0.005281996,0.001970478,0.085991547,0.032079622,2.680566087,0.003674888
N34,0.00019573,0.001334112,0.002031361,0.473283429,0.72063591,0.656758041,0.255668254
N35,0.00398281,0.001075743,0.002264321,0.030640342,0.064494564,0.475084101,0.317363515
N36,0.000765127,0.001860246,0.002231421,0.205239618,0.246191171,0.833659539,0.202236432
N39,0.0211685,0.004312411,0.002189133,0.034619523,0.017574095,1.96991779,0.024423897
N40,0.00931201,0.008746277,0.002046008,0.128660629,0.030097447,4.274802096,9.57e-06
N41,0.00156584,0.000225533,0.002071641,0.013691919,0.125767528,0.108866883,0.456654037
N42,0.00123369,-0.001320073,0.002382808,-0.097632305,0.176231974,-0.553998814,0.710210171
N43,0.00173488,0.002787184,0.002476384,0.155510341,0.13816934,1.125505426,0.13018746
N45,0.00125149,-0.00388084,0.002071445,-0.283630401,0.151391151,-1.873493917,0.969499894
N47,0.00307534,0.002652141,0.002062306,0.09289265,0.072233377,1.286007289,0.099220259
N48,0.0026216,-0.002341796,0.002106945,-0.093296938,0.083940526,-1.111464772,0.866815827
N49,0.000252077,-0.000138925,0.002235525,-0.039577611,0.636868785,-0.062144059,0.524775945
N50,0.00396798,0.002988798,0.002053358,0.08538265,0.058659411,1.455566093,0.072756304
N60,0.00265718,0.003644739,0.00210559,0.143630372,0.082976232,1.730982101,0.041727478
N61,0.00075623,0.002296165,0.002157164,0.2558445,0.240356649,1.064436957,0.1435654
N62,0.00134639,-0.000773838,0.002146526,-0.053227086,0.147644926,-0.360507383,0.640766132
N63,0.00295671,0.002749851,0.002105386,0.099412983,0.076114203,1.306102912,0.095758781
N64,0.00172005,0.004234086,0.002227318,0.237912922,0.125152824,1.900979259,0.028652365
N70,0.000406288,0.000505382,0.002097846,0.095475133,0.39631846,0.240905086,0.40481434
N71,0.000260973,-0.001685235,0.0022996,-0.46591611,0.635769388,-0.732838226,0.768171448
N72,0.000839267,-0.002036571,0.002063947,-0.207863217,0.210657365,-0.986736056,0.838113975
N73,0.00148577,-0.000595346,0.002162242,-0.037743635,0.137081454,-0.275337281,0.608471438
N75,0.00141459,0.00344968,0.002241507,0.2277633,0.147994297,1.539000519,0.061902085
N76,0.000966788,-0.000729947,0.001962577,-0.066164463,0.177893389,-0.371933234,0.64502872
N80,0.00364177,0.004312933,0.002282384,0.131926024,0.069814629,1.889661611,0.029401616
N81,0.0143535,0.011301437,0.002373082,0.120263445,0.025252981,4.762346387,9.57e-07
N82,0.00024318,0.003444602,0.00250713,1.012302329,0.736797404,1.373922225,0.084732914
N83,0.00480132,0.004002574,0.002482807,0.098327158,0.060992593,1.612116359,0.053468311
N84,0.0152106,0.003017806,0.003136693,0.030773314,0.031985631,0.962098078,0.16800017
N85,0.00305754,-0.000745021,0.002472316,-0.026216826,0.086999243,-0.301345444,0.618424455
N86,0.000889682,0.000591873,0.002468574,0.057520712,0.239906269,0.239763271,0.405256891
N87,0.00274615,-0.002310641,0.002213368,-0.088664329,0.084931753,-1.043947948,0.851745264
N88,0.000937132,0.000846349,0.002242289,0.07874405,0.20862195,0.377448535,0.352920152
N89,0.00162515,-0.002447692,0.002806458,-0.144112105,0.165235112,-0.872163929,0.808440523
N90,0.002242,-0.000709972,0.002167747,-0.032115426,0.098057541,-0.327516127,0.628361226
N92,0.0204093,0.006960709,0.00264083,0.05735745,0.021760895,2.635803772,0.004196913
N93,0.00604984,5.96e-06,0.002195057,0.000122111,0.044992578,0.002714031,0.498917259
N94,0.00301009,0.002045273,0.002054137,0.072883341,0.073199207,0.995684842,0.159701649
N95,0.0144573,-0.001867909,0.002117545,-0.019772001,0.022414428,-0.882110444,0.811141458
N97,0.00173191,-0.000124171,0.002269644,-0.006937843,0.12681251,-0.054709453,0.521815031
N99,0.00107058,-0.000752221,0.002231845,-0.062610454,0.185765666,-0.337039965,0.631956613
O00,0.000593122,-0.002551469,0.001956275,-0.349146413,0.267699254,-1.304248735,0.903925606
O02,0.00272836,0.002327881,0.002080449,0.089796298,0.080251798,1.118931916,0.131584593
O03,0.00304568,0.000879944,0.002429651,0.031061661,0.085765658,0.362168986,0.358612877
O04,0.00241104,0.003407226,0.002234856,0.145278187,0.09529035,1.524584473,0.063681386
O13,0.000649468,-0.000623631,0.002016509,-0.0790208,0.255513521,-0.309262695,0.621439147
O14,0.000459669,0.002654859,0.002058812,0.451312663,0.349987661,1.289510212,0.098610384
O16,0.00095196,-0.00158203,0.002185435,-0.145268067,0.200674965,-0.72389731,0.765435609
O20,0.00190985,0.001164095,0.002232053,0.060025921,0.115094653,0.521535271,0.300996971
O21,0.000432979,-0.002323131,0.002236719,-0.415627332,0.400167451,-1.038633529,0.850512397
O23,0.000281733,-0.001166561,0.002278533,-0.301890014,0.589652798,-0.511979278,0.695667244
O24,0.000222421,-0.000232007,0.00194156,-0.073661349,0.61643879,-0.119494993,0.547558397
O26,0.00329479,-0.000122623,0.002122947,-0.004063662,0.07035361,-0.057760538,0.523030314
O32,0.00172895,0.001366209,0.002156441,0.076442229,0.120657358,0.633548015,0.263187918
O34,0.00201958,0.002035713,0.002283546,0.100279621,0.112487929,0.891470059,0.186338524
O35,0.000231317,-0.002041224,0.002058343,-0.62642359,0.631677189,-0.991683095,0.83932393
O36,0.0028974,0.002142468,0.002079102,0.078729944,0.07640143,1.030477359,0.151392988
O41,0.000231317,0.002331948,0.002335025,0.71564294,0.716587024,0.998682528,0.158974254
O42,0.00167853,0.001050297,0.002412269,0.060214246,0.138297003,0.435398054,0.331636761
O44,0.000320286,0.000289378,0.002455,0.067051075,0.568842849,0.117872756,0.45308424
O46,0.00114769,0.001427807,0.00209663,0.112145367,0.164677227,0.681001066,0.247935408
O47,0.00221531,0.001392767,0.00218058,0.063619068,0.099604961,0.638713851,0.26150455
O48,0.00120107,-0.004020057,0.002151223,-0.30402292,0.162689533,-1.868730672,0.969169853
O60,0.000441876,0.001141003,0.002444048,0.200616774,0.429724397,0.466849857,0.320303651
O62,0.000462635,3.85e-05,0.00221287,0.006502115,0.374117368,0.017379879,0.49306678
O63,0.00259491,0.001673316,0.002187418,0.067219374,0.08787154,0.764973217,0.222143747
O64,0.000557534,0.003229521,0.002082265,0.465772136,0.300311081,1.550965536,0.060454972
O66,0.000210558,-0.002751124,0.002215907,-0.916001591,0.737798104,-1.241534217,0.892795767
O68,0.00478353,-0.002068307,0.002386663,-0.050958871,0.058802509,-0.866610482,0.806922266
O69,0.000379598,0.001969163,0.002314623,0.394309396,0.463485038,0.850748921,0.197454421
O70,0.00797452,0.001349177,0.00209215,0.022339251,0.034641168,0.644875797,0.259503839
O72,0.000768092,2.6e-05,0.002147113,0.002860421,0.23611843,0.012114349,0.495167192
O73,0.000240214,-0.000423758,0.002081806,-0.125863859,0.618335049,-0.203552845,0.580648527
O75,0.000536775,0.004259331,0.001919194,0.63443492,0.285867383,2.219333014,0.013232039
O80,0.00423489,0.002673835,0.002287089,0.0725371,0.062045264,1.169099705,0.121181731
O81,0.000216489,-0.001064388,0.002164344,-0.345953958,0.703468466,-0.491783178,0.688563685
O82,0.000779955,0.001147808,0.002233796,0.124605108,0.24249901,0.513837593,0.303682771
O90,0.000240214,-0.000316262,0.002053108,-0.093935549,0.609811122,-0.154040399,0.561211059
O99,0.00142349,0.000117621,0.002241088,0.007725666,0.1472009,0.052483821,0.479071593
Q18,0.000213524,0.000486208,0.00215788,0.159932589,0.709810703,0.22531724,0.410866244
Q21,0.000685055,-0.003666148,0.002138181,-0.444043112,0.258975976,-1.714611215,0.956791734
Q28,0.000213524,0.000533745,0.00213588,0.175569402,0.702573876,0.249894577,0.401334438
Q38,0.00029063,0.001810319,0.002239901,0.456087932,0.564315808,0.808213993,0.209483702
Q82,0.00019573,-0.001780433,0.002283094,-0.631618011,0.809939733,-0.779833345,0.782255512
R00,0.00456407,-6.01e-05,0.00226073,-0.00153708,0.0578025,-0.026591922,0.510607392
R04,0.00530251,0.005242861,0.002438046,0.11912635,0.055396367,2.150436158,0.015760365
R05,0.00171709,0.003762727,0.002627375,0.211727507,0.147841572,1.4321243,0.076054126
R06,0.00785886,0.000977154,0.00221438,0.01636171,0.03707813,0.441276553,0.329506399
R07,0.0490867,0.020630437,0.002389757,0.093234103,0.010799909,8.632859864,2.99e-18
R09,0.000661331,-0.003234315,0.001889164,-0.403592681,0.2357386,-1.712034776,0.95655487
R10,0.0421205,0.015045031,0.002459075,0.075172813,0.012286817,6.118168021,4.73e-10
R11,0.00404805,0.004380129,0.002142956,0.123158318,0.06025457,2.043966429,0.020478432
R12,0.00183275,0.001564542,0.002179614,0.083446832,0.11625249,0.717806833,0.2364382
R13,0.00579776,-0.000971896,0.002041943,-0.020593199,0.04326607,-0.475966471,0.682950868
R14,0.000596087,0.005078804,0.002307523,0.69205568,0.314431229,2.200976287,0.013868851
R15,0.00165777,0.000587194,0.00190644,0.03401081,0.110422761,0.308005429,0.379039101
R17,0.000631674,0.003914375,0.002169852,0.507799951,0.281488322,1.803982301,0.035617041
R18,0.000403323,-0.002775584,0.002113425,-0.527654001,0.40177395,-1.313310634,0.905460852
R19,0.0144959,0.000658412,0.002261475,0.006955705,0.023891039,0.291142845,0.385471036
R20,0.00193951,0.001098756,0.002279868,0.055946335,0.116086,0.481938693,0.314924749
R21,0.000664296,-0.000832577,0.002045328,-0.103500181,0.254261095,-0.407062595,0.658018992
R22,0.00297747,-0.002431652,0.0021554,-0.087415455,0.077484463,-1.128167534,0.870375414
R23,0.000281733,0.003352696,0.002154222,0.867631371,0.557482983,1.556336959,0.059813994
R25,0.000424082,0.001225967,0.002317666,0.223264481,0.422076998,0.528966236,0.298414436
R26,0.000504153,-0.001132544,0.00196473,-0.177942264,0.308693211,-0.576437245,0.717840162
R29,0.00128707,-0.001186312,0.002264992,-0.084705702,0.161726176,-0.523760003,0.699777262
R30,0.000723608,0.001140208,0.002223261,0.131860013,0.257110184,0.512854105,0.30402669
R31,0.0218358,0.008250174,0.002364039,0.064783039,0.018563199,3.489863997,0.000241633
R32,0.00199585,0.002859865,0.002272449,0.142245358,0.113028173,1.258494708,0.10410645
R33,0.00422599,0.002155691,0.002285066,0.05857822,0.062093825,0.943382366,0.17274268
R35,0.0040006,0.004599444,0.002180313,0.130542327,0.061882069,2.109533976,0.017449258
R39,0.00548341,-0.001787294,0.002175284,-0.039556866,0.048143955,-0.821637249,0.794358308
R40,0.000231317,0.001717484,0.002254941,0.527072417,0.692010435,0.761653857,0.223133311
R41,0.00126335,0.001538886,0.00243836,0.111591156,0.176815808,0.631115266,0.26398258
R42,0.00298933,0.000636398,0.002013238,0.022804734,0.072142561,0.316106515,0.375960831
R47,0.000471532,-0.005223711,0.002086823,-0.868902785,0.347118486,-2.503187876,0.993845991
R49,0.00119514,0.000401882,0.002261343,0.030518375,0.171723387,0.17771822,0.429472138
R50,0.00169929,0.00448337,0.002264124,0.254448371,0.128497696,1.980178466,0.023841739
R51,0.00831853,0.003209685,0.002296047,0.051454015,0.036807614,1.397917705,0.081068891
R52,0.000625743,0.001866908,0.002393973,0.244131844,0.313054994,0.779836925,0.217743434
R53,0.00141459,-0.001208926,0.002158869,-0.079818707,0.142538185,-0.559981222,0.712253877
R54,0.000213524,0.003316681,0.002360649,1.090985279,0.776509128,1.404987063,0.080012563
R55,0.00906586,0.00499927,0.002195746,0.07505339,0.032964452,2.276797712,0.011399154
R56,0.00183868,-1.74e-05,0.002491512,-0.000923028,0.13253622,-0.006964348,0.502778351
R59,0.00202254,0.000193972,0.001998052,0.009543646,0.098306417,0.0970806,0.461331194
R60,0.000367735,0.00051022,0.00226009,0.104988048,0.465058967,0.225752121,0.410697109
R61,0.000228352,-0.001579958,0.002144921,-0.490318485,0.665646938,-0.736604432,0.769318531
R63,0.00215303,-0.000695466,0.002157045,-0.032514697,0.100847031,-0.322416006,0.62643122
R68,0.000231317,0.004346339,0.002409942,1.333831668,0.739578082,1.803503512,0.035654587
R69,0.01992,0.006372537,0.002254213,0.053431938,0.018900948,2.826944897,0.002349721
R73,0.000370701,0.001182743,0.002016604,0.241701754,0.412107142,0.586502221,0.278769035
R76,0.000296561,-0.001581069,0.002211775,-0.391452991,0.547607901,-0.71484175,0.762646583
R79,0.00438317,0.002687937,0.002301059,0.070958648,0.060745464,1.168130814,0.121377001
R86,0.000314354,0.000293867,0.002187208,0.069195631,0.51501331,0.134356976,0.446560151
R87,0.00280843,-0.002137821,0.002107459,-0.080560655,0.079416505,-1.014406956,0.844805697
R90,0.000216489,0.001274517,0.002185477,0.414251574,0.710337455,0.583175744,0.279887499
R91,0.00170819,0.002255173,0.002089188,0.127441142,0.118061238,1.079449479,0.140193702
R93,0.00187723,-0.003575351,0.002071741,-0.186982261,0.108347082,-1.725771076,0.957805697
R94,0.00147984,-0.000764857,0.002345655,-0.04865082,0.149201764,-0.326074029,0.627815827
S00,0.00142053,0.000305412,0.002107008,0.020094971,0.138633186,0.144950658,0.442374915
S01,0.00288554,-0.00131309,0.002239239,-0.048412411,0.082558638,-0.586400314,0.721196733
S02,0.0027076,0.00176252,0.002295216,0.068408913,0.089084531,0.767910123,0.221270291
S05,0.000320286,-0.001182891,0.002050709,-0.27408513,0.475165278,-0.57682062,0.717969681
S06,0.00130487,-0.001038668,0.002089812,-0.07332321,0.147527107,-0.497015168,0.690410822
S09,0.00276395,0.005506184,0.002119314,0.210184789,0.080899506,2.598097297,0.004687096
S12,0.000335114,0.001037467,0.002144029,0.231210753,0.477820262,0.483886455,0.314233227
S13,0.000207593,0.001040849,0.002566834,0.350849425,0.865228498,0.405499155,0.34255532
S20,0.000284698,-0.001799348,0.002052502,-0.46145835,0.526381915,-0.876660723,0.809664527
S22,0.00170226,-0.000500297,0.002074811,-0.028353059,0.117584675,-0.241128861,0.595272377
S27,0.000409254,0.001361862,0.002351978,0.255681832,0.441570459,0.579028392,0.281285008
S30,0.000430013,0.002223221,0.002058414,0.400096675,0.370437609,1.080064944,0.140056631
S31,0.000183868,-0.000862319,0.002138344,-0.323003366,0.800971118,-0.403264685,0.656623241
S32,0.00161329,-0.002774816,0.001926521,-0.164361217,0.114114009,-1.440324617,0.92511221
S39,0.000370701,-0.00089552,0.002334625,-0.18300578,0.477096941,-0.383581961,0.649355844
S42,0.00299526,-0.000243519,0.002120019,-0.008712356,0.07584782,-0.114866273,0.545724441
S43,0.000602018,-0.001981867,0.00213908,-0.267797515,0.289040772,-0.926504288,0.822908015
S46,0.000249111,0.002933549,0.002380174,0.844324373,0.685053713,1.232493682,0.108882363
S51,0.000346976,0.00103286,0.001838561,0.223403998,0.397674575,0.561775913,0.287134352
S52,0.00973906,0.008441889,0.003380142,0.120032033,0.048060964,2.497495308,0.006253706
S56,0.000302492,-0.000300584,0.002188478,-0.073161497,0.5326712,-0.137348326,0.554622263
S60,0.000311389,-0.000493113,0.002162222,-0.117062954,0.513302234,-0.228058531,0.590199631
S61,0.0036477,0.004050115,0.002462369,0.123725995,0.075222314,1.644804427,0.050005075
S62,0.00346383,0.003513837,0.002259178,0.111873117,0.07192743,1.55536096,0.059930063
S63,0.000836301,0.002660049,0.002457417,0.272307936,0.251564579,1.082457385,0.139524671
S64,0.00078292,-0.000905802,0.002243321,-0.098019239,0.242755691,-0.403777305,0.656811756
S66,0.00163998,0.004474937,0.002118948,0.261505938,0.123826904,2.111866882,0.017348934
S67,0.000231317,-2.84e-06,0.0022486,-0.000872154,0.690064541,-0.001263874,0.500504212
S68,0.000753264,0.002839228,0.002311748,0.317403772,0.258435627,1.228173439,0.109690934
S69,0.000225386,0.001197737,0.002278753,0.375936095,0.71523706,0.52561048,0.299579437
S72,0.00289147,-0.000446478,0.002152302,-0.016434003,0.079222104,-0.207442142,0.582167713
S76,0.000456704,0.005630774,0.001968006,0.962507682,0.336405045,2.861157096,0.002110489
S80,0.000421116,-0.002310619,0.002421684,-0.423327069,0.443675338,-0.95413703,0.829992858
S81,0.000539741,-0.001158066,0.002056034,-0.17168957,0.304818115,-0.563252515,0.713368526
S82,0.00894724,0.003279635,0.002228244,0.049732652,0.03378927,1.471847476,0.070531035
S83,0.00118031,0.003390039,0.002212306,0.26012376,0.169754209,1.532355289,0.062717392
S86,0.00146204,0.003512123,0.002133244,0.225643141,0.137054366,1.646376895,0.049843093
S89,0.000207593,6.33e-05,0.002235489,0.021331929,0.753538961,0.028308992,0.488707854
S91,0.000275802,0.000704299,0.002229442,0.18564099,0.587641919,0.315908352,0.376036036
S92,0.0013879,0.001536594,0.002397641,0.103065384,0.160819151,0.640877554,0.26080112
S93,0.000234283,-0.000471425,0.002339568,-0.14308617,0.710102422,-0.201500749,0.579846478
T14,0.000320286,-0.000436081,0.002154718,-0.101043366,0.499265124,-0.202384186,0.580191805
T17,0.000447807,-0.001924326,0.002482444,-0.334511843,0.431531375,-0.775173862,0.780881534
T18,0.00058719,0.004380214,0.002254609,0.604528136,0.311166181,1.942782258,0.026021236
T39,0.00255339,0.003034688,0.001978111,0.123510691,0.080508397,1.534134276,0.062498311
T40,0.000533809,0.00345364,0.002139222,0.516855925,0.320146067,1.614437837,0.053216245
T42,0.00116548,0.003830812,0.002372528,0.297055308,0.183974571,1.614654169,0.053192804
T43,0.00148577,-0.002105728,0.001997942,-0.133498591,0.126665193,-1.053948508,0.854046754
T50,0.000554569,-0.001378496,0.002187981,-0.199714316,0.316991231,-0.630031043,0.735662863
T78,0.00120997,-0.002211714,0.002295304,-0.166240494,0.17252342,-0.963582182,0.832372278
T79,0.000427048,0.002492735,0.002172449,0.451261697,0.393280068,1.147430887,0.125601791
T81,0.0107266,0.00374925,0.002295239,0.049561543,0.030340891,1.633490022,0.051182989
T82,0.00196323,-0.000815233,0.002214281,-0.04109885,0.111629982,-0.368170355,0.643626893
T83,0.00114769,-0.000782985,0.002163426,-0.06149863,0.169923636,-0.36191922,0.641293802
T84,0.00608839,0.006529044,0.002739061,0.133167068,0.055866171,2.383679879,0.008570253
T85,0.00263643,0.000963077,0.002163305,0.038194173,0.085793361,0.445187977,0.328091957
T86,0.000308423,0.001097856,0.00283886,0.262783177,0.679510401,0.38672429,0.349480166
T87,0.000201661,0.0011778,0.002353589,0.407132785,0.813570745,0.500427022,0.308387215
T88,0.000406288,-0.001238572,0.002992628,-0.233987042,0.56535777,-0.413874283,0.660516911
