A02,85,0.000170399416231647
A04,1295,0.0025960852237645
A06,23,4.61080773332692e-05
A07,34,6.81597664926588e-05
A08,817,0.0016378390948383
A09,3618,0.00725300103442469
A15,38,7.61785625506187e-05
A16,76,0.000152357125101237
A18,53,0.000106249047767968
A31,22,4.41033783187792e-05
A39,63,0.000126296037912868
A40,98,0.000196460503420017
A41,2075,0.00415975045506668
A46,109,0.000218512192579406
A48,66,0.000132310134956338
A49,148,0.000296695454144515
A63,137,0.000274643764985125
A69,38,7.61785625506187e-05
A86,49,9.82302517100083e-05
A87,179,0.000358841123593704
B00,112,0.000224526289622876
B01,70,0.000140328931014298
B02,315,0.000631480189564339
B07,644,0.00129102616533154
B08,65,0.000130305435941848
B15,25,5.01174753622491e-05
B16,43,8.62020576230685e-05
B17,88,0.000176413513275117
B18,288,0.00057735331617311
B19,29,5.8136271420209e-05
B20,52,0.000104244348753478
B23,25,5.01174753622491e-05
B24,58,0.000116272542840418
B25,67,0.000134314833970828
B27,34,6.81597664926588e-05
B34,1435,0.0028767430857931
B35,52,0.000104244348753478
B37,452,0.000906123954549464
B44,75,0.000150352426086747
B50,122,0.000244573279767776
B54,36,7.21691645216387e-05
B59,35,7.01644655071488e-05
B80,25,5.01174753622491e-05
B99,36,7.21691645216387e-05
C00,51,0.000102239649738988
C01,147,0.000294690755130025
C02,214,0.000429005589100852
C03,31,6.21456694491889e-05
C04,56,0.000112263144811438
C05,66,0.000132310134956338
C06,70,0.000140328931014298
C07,75,0.000150352426086747
C08,32,6.41503684636789e-05
C09,229,0.000459076074318202
C11,43,8.62020576230685e-05
C12,38,7.61785625506187e-05
C13,27,5.4126873391229e-05
C14,38,7.61785625506187e-05
C15,757,0.0015175571539689
C16,598,0.001198810010665
C17,172,0.000344808230492274
C18,3317,0.00664958663106321
C19,737,0.0014774631736791
C21,193,0.000386906909796563
C22,323,0.000647517781680259
C23,65,0.000130305435941848
C24,145,0.000290681357101045
C25,608,0.0012188570008099
C26,99,0.000198465202434506
C30,37,7.41738635361287e-05
C34,2174,0.00435821565750118
C37,21,4.20986793042893e-05
C38,43,8.62020576230685e-05
C40,40,8.01879605795986e-05
C41,89,0.000178418212289607
C43,2162,0.0043341592693273
C44,12025,0.0241065056492418
C45,228,0.000457071375303712
C47,26,5.21221743767391e-05
C48,188,0.000376883414724113
C49,325,0.000651527179709238
C50,11698,0.0234509690715036
C51,107,0.000214502794550426
C52,36,7.21691645216387e-05
C53,271,0.00054327343292678
C54,1398,0.00280256922225697
C55,127,0.000254596774840226
C57,82,0.000164385319188177
C60,59,0.000118277241854908
C61,5882,0.01179163960323
C62,288,0.00057735331617311
C64,1025,0.00205481648985221
C65,71,0.000142333630028787
C66,84,0.000168394717217157
C67,2337,0.00468498159686305
C68,31,6.21456694491889e-05
C69,190,0.000380892812753093
C71,523,0.00104845758457825
C72,30,6.01409704346989e-05
C73,419,0.000839968887071295
C74,42,8.41973586085785e-05
C75,43,8.62020576230685e-05
C76,105,0.000210493396521446
C77,938,0.00188040767559159
C78,2113,0.0042359290176173
C79,1701,0.00340999302364743
C80,575,0.00115270193333173
C81,232,0.000465090171361672
C82,494,0.000990321313158042
C83,896,0.00179621031698301
C84,110,0.000220516891593896
C85,1137,0.00227934277947509
C88,87,0.000174408814260627
C90,610,0.00122286639883888
C91,506,0.00101437770133192
C92,473,0.000948222633853753
C93,24,4.81127763477591e-05
C94,21,4.20986793042893e-05
C95,27,5.4126873391229e-05
C97,75,0.000150352426086747
D00,58,0.000116272542840418
D01,61,0.000122286639883888
D02,59,0.000118277241854908
D03,768,0.00153960884312829
D04,574,0.00115069723431724
D05,2002,0.00401340742700891
D06,602,0.00120682880672296
D07,485,0.000972279022027633
D09,208,0.000416977395013913
D10,513,0.00102841059443335
D11,531,0.00106449517669417
D12,12791,0.0256421050943411
D13,915,0.00183429959825832
D14,293,0.00058737681124556
D16,311,0.000623461393506379
D17,6278,0.012585500412968
D18,1296,0.00259808992277899
D21,542,0.00108654686585356
D22,4509,0.00903918785633525
D23,4117,0.00825334584265518
D24,1514,0.00303511430793781
D25,8192,0.0164224943267018
D26,246,0.000493155957564531
D27,1299,0.00260410401982246
D28,166,0.000332780036405334
D29,129,0.000258606172869205
D30,177,0.000354831725564724
D31,73,0.000146343028057767
D32,480,0.000962255526955183
D33,335,0.000671574169854138
D34,273,0.00054728283095576
D35,861,0.00172604585147586
D36,754,0.00151154305692543
D37,1049,0.00210292926619997
D38,159,0.000318747143303904
D39,187,0.000374878715709623
D40,98,0.000196460503420017
D41,797,0.0015977451145485
D43,178,0.000356836424579214
D44,177,0.000354831725564724
D45,359,0.000719686946201897
D46,249,0.000499170054608001
D47,402,0.000805889003824966
D48,765,0.00153359474608482
D50,5252,0.0105286792241013
D51,90,0.000180422911304097
D52,80,0.000160375921159197
D53,22,4.41033783187792e-05
D57,41,8.21926595940885e-05
D58,26,5.21221743767391e-05
D59,105,0.000210493396521446
D61,207,0.000414972695999423
D63,231,0.000463085472347182
D64,6034,0.0120963538534324
D66,37,7.41738635361287e-05
D68,166,0.000332780036405334
D69,620,0.00124291338898378
D70,1508,0.00302308611385087
D72,106,0.000212498095535936
D73,45,9.02114556520484e-05
D75,441,0.000884072265390074
D76,35,7.01644655071488e-05
D80,81,0.000162380620173687
D84,26,5.21221743767391e-05
D86,291,0.00058336741321658
D89,224,0.000449052579245752
E03,169,0.000338794133448804
E04,1550,0.00310728347245945
E05,618,0.0012389039909548
E06,106,0.000212498095535936
E07,133,0.000266624968927165
E10,834,0.00167191897808463
E11,1350,0.00270634366956145
E13,36,7.21691645216387e-05
E14,382,0.000765795023535166
E16,581,0.00116473012741867
E21,471,0.000944213235824773
E22,185,0.000370869317680643
E23,253,0.000507188850665961
E24,78,0.000156366523130217
E26,55,0.000110258445796948
E27,315,0.000631480189564339
E28,56,0.000112263144811438
E29,101,0.000202474600463486
E34,106,0.000212498095535936
E46,25,5.01174753622491e-05
E53,88,0.000176413513275117
E55,44,8.82067566375584e-05
E61,125,0.000250587376811246
E65,68,0.000136319532985318
E66,680,0.00136319532985318
E78,69,0.000138324231999808
E83,1126,0.0022572910903157
E85,73,0.000146343028057767
E86,375,0.000751762130433737
E87,1068,0.00214101854747528
E88,66,0.000132310134956338
F00,40,8.01879605795986e-05
F01,43,8.62020576230685e-05
F03,66,0.000132310134956338
F05,178,0.000356836424579214
F06,73,0.000146343028057767
F07,35,7.01644655071488e-05
F10,1317,0.00264018860208328
F11,30,6.01409704346989e-05
F19,26,5.21221743767391e-05
F22,115,0.000230540386666346
F23,145,0.000290681357101045
F25,141,0.000282662561043085
F29,96,0.000192451105391037
F30,164,0.000328770638376354
F31,588,0.0011787630205201
F32,1246,0.0024978549720545
F33,471,0.000944213235824773
F34,27,5.4126873391229e-05
F41,699,0.00140128461112849
F42,36,7.21691645216387e-05
F43,361,0.000723696344230877
F44,66,0.000132310134956338
F45,361,0.000723696344230877
F50,36,7.21691645216387e-05
F52,188,0.000376883414724113
F60,181,0.000362850521622684
F64,43,8.62020576230685e-05
F80,22,4.41033783187792e-05
F99,185,0.000370869317680643
G00,110,0.000220516891593896
G03,65,0.000130305435941848
G04,115,0.000230540386666346
G06,85,0.000170399416231647
G08,41,8.21926595940885e-05
G11,54,0.000108253746782458
G12,166,0.000332780036405334
G20,314,0.000629475490549849
G24,168,0.000336789434434314
G25,128,0.000256601473854715
G30,82,0.000164385319188177
G31,147,0.000294690755130025
G35,805,0.00161378270666442
G37,289,0.0005793580151876
G40,1273,0.00255198184544572
G41,95,0.000190446406376547
G43,1654,0.0033157721699664
G44,497,0.000996335410201512
G45,2523,0.00505785561355818
G47,3991,0.00800075376682945
G50,303,0.000607423801390459
G51,588,0.0011787630205201
G52,43,8.62020576230685e-05
G54,230,0.000461080773332692
G55,126,0.000252592075825735
G56,11990,0.0240363411837347
G57,1585,0.00317744793796659
G58,212,0.000424996191071872
G60,63,0.000126296037912868
G61,268,0.000537259335883311
G62,429,0.000860015877216195
G70,148,0.000296695454144515
G71,72,0.000144338329043277
G72,109,0.000218512192579406
G80,24,4.81127763477591e-05
G81,483,0.000968269623998653
G82,129,0.000258606172869205
G83,143,0.000286671959072065
G90,122,0.000244573279767776
G91,159,0.000318747143303904
G93,497,0.000996335410201512
G95,367,0.000735724538317817
G96,117,0.000234549784695326
G97,100,0.000200469901448996
G98,24,4.81127763477591e-05
G99,48,9.62255526955183e-05
H00,2061,0.00413168466886382
H01,213,0.000427000890086362
H02,6091,0.0122106216972584
H04,2172,0.0043542062594722
H05,209,0.000418982094028403
H10,72,0.000144338329043277
H11,711,0.00142534099930236
H15,37,7.41738635361287e-05
H16,219,0.000439029084173302
H17,35,7.01644655071488e-05
H18,424,0.000849992382143745
H20,122,0.000244573279767776
H21,80,0.000160375921159197
H25,9447,0.0189383915898867
H26,16542,0.033161731097693
H27,204,0.000408958598955953
H31,62,0.000124291338898378
H33,3484,0.00698437136648304
H34,436,0.000874048770317625
H35,2251,0.00451257748161691
H36,148,0.000296695454144515
H40,2384,0.00477920245054407
H43,644,0.00129102616533154
H44,131,0.000262615570898185
H46,84,0.000168394717217157
H47,90,0.000180422911304097
H49,193,0.000386906909796563
H50,900,0.00180422911304097
H52,261,0.000523226442781881
H53,813,0.00162982029878034
H54,86,0.000172404115246137
H57,289,0.0005793580151876
H59,182,0.000364855220637174
H60,446,0.000894095760462524
H61,833,0.00166991427907014
H65,1082,0.00216908433367814
H66,663,0.00132911544660685
H69,158,0.000316742444289414
H70,64,0.000128300736927358
H71,421,0.000843978285100275
H72,954,0.00191248285982343
H73,220,0.000441033783187792
H74,323,0.000647517781680259
H80,299,0.000599405005332499
H81,518,0.0010384340895058
H83,780,0.00156366523130217
H90,414,0.000829945391998845
H91,541,0.00108454216683907
H92,365,0.000731715140288837
H93,173,0.000346812929506764
H95,102,0.000204479299477976
I05,164,0.000328770638376354
I06,23,4.61080773332692e-05
I07,21,4.20986793042893e-05
I08,397,0.000795865508752516
I10,1217,0.00243971870063429
I11,55,0.000110258445796948
I12,442,0.000886076964404564
I20,9778,0.0196019469636829
I21,8492,0.0170239040310488
I22,747,0.001497510163824
I23,34,6.81597664926588e-05
I24,740,0.00148347727072257
I25,18594,0.0372753734754264
I26,3096,0.00620654814886093
I27,197,0.000394925705854523
I28,21,4.20986793042893e-05
I30,197,0.000394925705854523
I31,573,0.00114869253530275
I33,213,0.000427000890086362
I34,782,0.00156767462933115
I35,1280,0.00256601473854715
I38,67,0.000134314833970828
I40,28,5.6131572405719e-05
I42,701,0.00140529400915747
I44,994,0.00199267082040302
I45,418,0.000837964188056805
I46,260,0.000521221743767391
I47,2353,0.00471705678109489
I48,8610,0.0172604585147586
I49,1182,0.00236955423512714
I50,1872,0.00375279655512521
I51,395,0.000791856110723536
I60,894,0.00179220091895403
I61,680,0.00136319532985318
I62,350,0.000701644655071488
I63,3485,0.00698637606549753
I64,1097,0.00219915481889549
I65,661,0.00132510604857787
I66,39,7.81832615651086e-05
I67,589,0.00118076771953459
I70,847,0.001697980065273
I71,801,0.00160576391060646
I72,319,0.000639498985622299
I73,1002,0.00200870841251894
I74,764,0.00153159004707033
I77,1034,0.00207285878098262
I78,404,0.000809898401853946
I80,3268,0.0065513563793532
I81,29,5.8136271420209e-05
I82,218,0.000437024385158812
I83,11474,0.0230019164922579
I84,17374,0.0348296406777486
I85,457,0.000916147449621914
I86,303,0.000607423801390459
I87,201,0.000402944501912483
I88,82,0.000164385319188177
I89,205,0.000410963297970443
I95,965,0.00193453454898282
I97,37,7.41738635361287e-05
I99,92,0.000184432309333077
J00,47,9.42208536810283e-05
J01,172,0.000344808230492274
J02,513,0.00102841059443335
J03,599,0.00120081470967949
J04,122,0.000244573279767776
J05,78,0.000156366523130217
J06,574,0.00115069723431724
J10,145,0.000290681357101045
J11,121,0.000242568580753286
J12,49,9.82302517100083e-05
J13,265,0.000531245238839841
J14,76,0.000152357125101237
J15,377,0.000755771528462717
J18,7159,0.0143516402447337
J20,161,0.000322756541332884
J21,25,5.01174753622491e-05
J22,4928,0.00987915674340654
J30,90,0.000180422911304097
J31,410,0.000821926595940885
J32,1596,0.00319949962712598
J33,2940,0.0058938151026005
J34,6111,0.0122507156775482
J35,990,0.00198465202434506
J36,468,0.000938199138781303
J37,69,0.000138324231999808
J38,1675,0.00335787084927069
J39,545,0.00109256096289703
J40,239,0.000479123064463101
J42,58,0.000116272542840418
J43,216,0.000433014987129832
J44,2385,0.00478120714955857
J45,2558,0.00512802007906533
J46,284,0.00056933452011515
J47,612,0.00122687579686786
J67,52,0.000104244348753478
J69,254,0.000509193549680451
J70,27,5.4126873391229e-05
J81,116,0.000232545085680836
J82,38,7.61785625506187e-05
J84,516,0.00103442469147682
J85,54,0.000108253746782458
J86,240,0.000481127763477591
J90,1544,0.00309525527837251
J92,78,0.000156366523130217
J93,431,0.000864025275245175
J94,98,0.000196460503420017
J95,120,0.000240563881738796
J96,360,0.000721691645216387
J98,848,0.00169998476428749
K00,154,0.000308723648231455
K01,1851,0.00371069787582092
K02,3339,0.00669369000938199
K03,43,8.62020576230685e-05
K04,2197,0.00440432373483445
K05,709,0.00142133160127338
K06,298,0.000597400306318009
K07,579,0.00116072072938969
K08,2598,0.00520820803964493
K09,390,0.000781832615651086
K10,279,0.0005593110250427
K11,1041,0.00208689167408405
K12,382,0.000765795023535166
K13,3025,0.00606421451883214
K14,1198,0.00240162941935898
K20,6774,0.013579831124155
K21,15131,0.0303331007882477
K22,7621,0.015277811189428
K25,2737,0.00548686120265903
K26,1831,0.00367060389553113
K27,132,0.000264620269912675
K28,34,6.81597664926588e-05
K29,18728,0.0375440031433681
K30,10880,0.0218111252776508
K31,3569,0.00715477078271468
K35,3195,0.00640501335129544
K36,88,0.000176413513275117
K37,496,0.000994330711187022
K38,137,0.000274643764985125
K40,17212,0.0345048794374013
K41,613,0.00122888049588235
K42,3497,0.00701043245367141
K43,3339,0.00669369000938199
K44,11244,0.0225408357189252
K45,92,0.000184432309333077
K46,161,0.000322756541332884
K50,1446,0.00289879477495249
K51,2970,0.00595395607303519
K52,12617,0.0252932874658199
K55,544,0.00109055626388254
K56,2737,0.00548686120265903
K57,17292,0.0346652553585605
K58,1480,0.00296695454144515
K59,5656,0.0113385776259552
K60,3050,0.00611433199419439
K61,1497,0.00300103442469148
K62,19667,0.0394264155179741
K63,11424,0.0229016815415334
K65,394,0.000789851411709046
K66,617,0.00123689929194031
K70,514,0.00103041529344784
K71,40,8.01879605795986e-05
K72,145,0.000290681357101045
K73,111,0.000222521590608386
K74,382,0.000765795023535166
K75,463,0.000928175643708854
K76,865,0.00173406464753382
K80,14485,0.0290380652248871
K81,2767,0.00554700217309373
K82,413,0.000827940692984355
K83,1305,0.0026161322139094
K85,1834,0.00367661799257459
K86,789,0.00158170752243258
K90,1179,0.00236354013808367
K91,1094,0.00219314072185202
K92,7408,0.0148508102993417
L02,2534,0.00507990730271757
L03,5981,0.0119901048056645
L04,63,0.000126296037912868
L05,551,0.00110458915698397
L08,659,0.00132109665054889
L11,37,7.41738635361287e-05
L12,31,6.21456694491889e-05
L20,32,6.41503684636789e-05
L23,39,7.81832615651086e-05
L27,174,0.000348817628521254
L28,173,0.000346812929506764
L29,343,0.000687611761970058
L30,460,0.000922161546665384
L40,657,0.00131708725251991
L43,525,0.00105246698260723
L50,200,0.000400939802897993
L51,60,0.000120281940869398
L52,40,8.01879605795986e-05
L53,151,0.000302709551187985
L56,58,0.000116272542840418
L57,1924,0.00385704090387869
L60,1159,0.00232344615779387
L65,33,6.61550674781688e-05
L66,51,0.000102239649738988
L70,41,8.21926595940885e-05
L71,141,0.000282662561043085
L72,8822,0.0176854547058305
L73,348,0.000697635257042508
L81,696,0.00139527051408502
L82,2736,0.00548485650364454
L83,64,0.000128300736927358
L84,108,0.000216507493564916
L85,545,0.00109256096289703
L89,70,0.000140328931014298
L90,2345,0.00470101918897897
L91,917,0.0018383089962873
L92,474,0.000950227332868243
L93,36,7.21691645216387e-05
L95,91,0.000182427610318587
L97,443,0.000888081663419054
L98,5452,0.0109296190269993
M00,381,0.000763790324520676
M02,57,0.000114267843825928
M05,441,0.000884072265390074
M06,1975,0.00395928055361768
M07,37,7.41738635361287e-05
M08,24,4.81127763477591e-05
M10,461,0.000924166245679874
M11,142,0.000284667260057575
M12,120,0.000240563881738796
M13,1637,0.00328169228672007
M15,1846,0.00370067438074847
M16,12003,0.024062402270923
M17,15973,0.0320210573584482
M18,1292,0.00259007112672103
M19,5747,0.0115210052362738
M20,10721,0.0214923781343469
M21,822,0.00164786258991075
M22,538,0.0010785280697956
M23,16055,0.0321854426776364
M24,1775,0.00355834075071969
M25,10202,0.0204519393458266
M30,54,0.000108253746782458
M31,442,0.000886076964404564
M32,158,0.000316742444289414
M33,70,0.000140328931014298
M34,120,0.000240563881738796
M35,318,0.000637494286607809
M40,58,0.000116272542840418
M41,282,0.00056532512208617
M43,934,0.00187238887953363
M45,192,0.000384902210782073
M46,411,0.000823931294955375
M47,3037,0.00608827090700602
M48,2761,0.00553497397900679
M50,1254,0.00251389256417042
M51,6594,0.0132189853015468
M53,503,0.00100836360428845
M54,12157,0.0243711259191545
M60,170,0.000340798832463294
M62,507,0.00101638240034641
M65,3943,0.00790452821413393
M66,498,0.000998340109216002
M67,3562,0.00714073788961325
M70,1475,0.0029569310463727
M71,580,0.00116272542840418
M72,4160,0.00833954790027825
M75,9902,0.0198505296414796
M76,398,0.000797870207767006
M77,1355,0.0027163671646339
M79,9869,0.0197843745740015
M80,256,0.000513202947709431
M81,1070,0.00214502794550426
M84,1455,0.0029168370660829
M85,177,0.000354831725564724
M86,384,0.000769804421564146
M87,283,0.00056732982110066
M88,43,8.62020576230685e-05
M89,1102,0.00220917831396794
M90,50,0.000100234950724498
M92,78,0.000156366523130217
M93,148,0.000296695454144515
M94,493,0.000988316614143553
M95,272,0.00054527813194127
M96,340,0.000681597664926588
M99,28,5.6131572405719e-05
N02,634,0.00127097917518664
N03,62,0.000124291338898378
N04,131,0.000262615570898185
N05,140,0.000280657862028595
N10,193,0.000386906909796563
N11,93,0.000186437008347567
N12,947,0.001898449966722
N13,1937,0.00388310199106706
N15,36,7.21691645216387e-05
N17,1268,0.00254195835037328
N18,872,0.00174809754063525
N19,257,0.000515207646723921
N20,4854,0.00973080901633429
N21,631,0.00126496507814317
N23,1944,0.00389713488416849
N25,32,6.41503684636789e-05
N26,24,4.81127763477591e-05
N28,629,0.00126095568011419
N30,2249,0.00450856808358793
N31,1403,0.00281259271732942
N32,5826,0.0116793764584185
N34,127,0.000254596774840226
N35,2858,0.00572942978341232
N36,525,0.00105246698260723
N39,14716,0.0295011506972343
N40,6874,0.013780301025604
N41,1115,0.00223523940115631
N42,849,0.00170198946330198
N43,1240,0.00248582677796756
N44,26,5.21221743767391e-05
N45,774,0.00155163703721523
N46,59,0.000118277241854908
N47,2020,0.00404949200926973
N48,1731,0.00347013399408213
N49,160,0.000320751842318394
N50,2365,0.00474111316926877
N60,1501,0.00300905322074944
N61,501,0.00100435420625947
N62,763,0.00152958534805584
N63,1563,0.00313334455964781
N64,1111,0.00222722060509835
N70,301,0.000603414403361479
N71,174,0.000348817628521254
N72,457,0.000916147449621914
N73,880,0.00176413513275117
N75,791,0.00158571692046156
N76,637,0.00127699327223011
N80,1991,0.00399135573784952
N81,9953,0.0199527692912186
N82,149,0.000298700153159005
N83,2993,0.00600006415036846
N84,9458,0.0189604432790461
N85,2029,0.00406753430040014
N86,425,0.000851997081158235
N87,1484,0.00297497333750311
N88,592,0.00118678181657806
N89,1009,0.00202274130562037
N90,1501,0.00300905322074944
N91,73,0.000146343028057767
N92,11187,0.0224265678750992
N93,3215,0.00644510733158524
N94,1700,0.00340798832463294
N95,8728,0.0174970129984684
N96,21,4.20986793042893e-05
N97,896,0.00179621031698301
N98,40,8.01879605795986e-05
N99,826,0.00165588138596871
O00,326,0.000653531878723728
O01,21,4.20986793042893e-05
O02,1485,0.0029769780365176
O03,1623,0.00325362650051721
O04,1271,0.00254797244741675
O06,25,5.01174753622491e-05
O08,46,9.22161546665384e-05
O10,57,0.000114267843825928
O12,76,0.000152357125101237
O13,339,0.000679592965912098
O14,266,0.000533249937854331
O16,510,0.00102239649738988
O20,987,0.00197863792730159
O21,243,0.000487141860521061
O22,41,8.21926595940885e-05
O23,149,0.000298700153159005
O24,128,0.000256601473854715
O26,1873,0.0037548012541397
O28,63,0.000126296037912868
O30,96,0.000192451105391037
O32,854,0.00171201295837443
O33,51,0.000102239649738988
O34,1158,0.00232144145877938
O35,153,0.000306718949216965
O36,1533,0.00307320358921312
O40,51,0.000102239649738988
O41,119,0.000238559182724306
O42,918,0.00184031369530179
O43,38,7.61785625506187e-05
O44,175,0.000350822327535744
O45,39,7.81832615651086e-05
O46,617,0.00123689929194031
O47,1132,0.00226931928440264
O48,551,0.00110458915698397
O60,249,0.000499170054608001
O61,84,0.000168394717217157
O62,240,0.000481127763477591
O63,1404,0.00281459741634391
O64,310,0.000621456694491889
O65,25,5.01174753622491e-05
O66,116,0.000232545085680836
O68,2598,0.00520820803964493
O69,213,0.000427000890086362
O70,3967,0.00795264099048169
O71,86,0.000172404115246137
O72,418,0.000837964188056805
O73,112,0.000224526289622876
O75,263,0.000527235840810861
O80,2157,0.00432413577425485
O81,116,0.000232545085680836
O82,493,0.000988316614143553
O84,21,4.20986793042893e-05
O85,26,5.21221743767391e-05
O86,76,0.000152357125101237
O90,140,0.000280657862028595
O91,25,5.01174753622491e-05
O98,31,6.21456694491889e-05
O99,807,0.0016177921046934
Q04,25,5.01174753622491e-05
Q07,43,8.62020576230685e-05
Q12,57,0.000114267843825928
Q17,31,6.21456694491889e-05
Q18,138,0.000276648463999615
Q21,416,0.000833954790027825
Q23,57,0.000114267843825928
Q24,37,7.41738635361287e-05
Q25,42,8.41973586085785e-05
Q27,101,0.000202474600463486
Q28,129,0.000258606172869205
Q31,23,4.61080773332692e-05
Q38,179,0.000358841123593704
Q39,43,8.62020576230685e-05
Q43,58,0.000116272542840418
Q44,31,6.21456694491889e-05
Q50,76,0.000152357125101237
Q51,25,5.01174753622491e-05
Q52,38,7.61785625506187e-05
Q53,59,0.000118277241854908
Q54,31,6.21456694491889e-05
Q55,35,7.01644655071488e-05
Q61,97,0.000194455804405527
Q64,39,7.81832615651086e-05
Q65,64,0.000128300736927358
Q66,118,0.000236554483709816
Q67,28,5.6131572405719e-05
Q74,36,7.21691645216387e-05
Q76,23,4.61080773332692e-05
Q79,31,6.21456694491889e-05
Q82,132,0.000264620269912675
Q83,87,0.000174408814260627
Q85,100,0.000200469901448996
Q87,32,6.41503684636789e-05
Q89,91,0.000182427610318587
R00,3478,0.0069723431723961
R01,23,4.61080773332692e-05
R02,125,0.000250587376811246
R03,95,0.000190446406376547
R04,3941,0.00790051881610495
R05,1403,0.00281259271732942
R06,5820,0.0116673482643316
R07,34787,0.0697374646170624
R09,530,0.00106249047767968
R10,28184,0.0565004370243852
R11,3318,0.0066515913300777
R12,1190,0.00238559182724306
R13,4856,0.00973481841436327
R14,465,0.000932185041737833
R15,1285,0.0025760382336196
R16,76,0.000152357125101237
R17,432,0.000866029974259665
R18,505,0.00101237300231743
R19,11987,0.0240303270866912
R20,1295,0.0025960852237645
R21,547,0.00109657036092601
R22,1895,0.00379890463245848
R23,190,0.000380892812753093
R25,346,0.000693625859013528
R26,462,0.000926170944694364
R27,129,0.000258606172869205
R29,1284,0.00257403353460511
R30,510,0.00102239649738988
R31,15336,0.0307440640862181
R32,1215,0.00243570930260531
R33,3227,0.00646916371975912
R35,2372,0.0047551460623702
R36,23,4.61080773332692e-05
R39,3818,0.00765394083732268
R40,214,0.000429005589100852
R41,1262,0.00252993015628634
R42,2435,0.00488144210028306
R43,38,7.61785625506187e-05
R44,112,0.000224526289622876
R45,106,0.000212498095535936
R46,52,0.000104244348753478
R47,424,0.000849992382143745
R49,758,0.00151956185298339
R50,1689,0.00338593663547355
R51,6128,0.0122847955607945
R52,482,0.000966264924984163
R53,1233,0.00247179388486613
R54,202,0.000404949200926973
R55,7209,0.0144518751954582
R56,1497,0.00300103442469148
R58,30,6.01409704346989e-05
R59,1430,0.00286671959072065
R60,328,0.000657541276752708
R61,177,0.000354831725564724
R63,1781,0.00357036894480663
R68,141,0.000282662561043085
R69,11193,0.0224385960691862
R71,27,5.4126873391229e-05
R72,28,5.6131572405719e-05
R73,276,0.00055329692799923
R74,80,0.000160375921159197
R76,162,0.000324761240347374
R79,3526,0.00706856872509162
R80,95,0.000190446406376547
R82,95,0.000190446406376547
R84,25,5.01174753622491e-05
R85,58,0.000116272542840418
R86,143,0.000286671959072065
R87,1426,0.00285870079466269
R89,21,4.20986793042893e-05
R90,180,0.000360845822608194
R91,1620,0.00324761240347374
R92,41,8.21926595940885e-05
R93,1743,0.00349419038225601
R94,993,0.00199066612138853
S00,1281,0.00256801943756164
S01,2257,0.00452460567570385
S02,1768,0.00354430785761826
S03,28,5.6131572405719e-05
S05,223,0.000447047880231262
S06,1053,0.00211094806225793
S09,1798,0.00360444882805296
S10,78,0.000156366523130217
S11,47,9.42208536810283e-05
S12,269,0.0005392640348978
S13,127,0.000254596774840226
S14,70,0.000140328931014298
S19,113,0.000226530988637366
S20,219,0.000439029084173302
S21,57,0.000114267843825928
S22,1197,0.00239962472034449
S27,327,0.000655536577738218
S29,101,0.000202474600463486
S30,355,0.000711668150143937
S31,132,0.000264620269912675
S32,1159,0.00232344615779387
S33,26,5.21221743767391e-05
S36,121,0.000242568580753286
S37,67,0.000134314833970828
S39,281,0.00056332042307168
S40,82,0.000164385319188177
S41,67,0.000134314833970828
S42,2385,0.00478120714955857
S43,456,0.000914142750607424
S46,192,0.000384902210782073
S49,65,0.000130305435941848
S50,58,0.000116272542840418
S51,278,0.00055730632602821
S52,6612,0.0132550698838076
S53,134,0.000268629667941655
S54,36,7.21691645216387e-05
S56,191,0.000382897511767583
S59,28,5.6131572405719e-05
S60,225,0.000451057278260242
S61,2454,0.00491953138155837
S62,2336,0.00468297689784856
S63,539,0.00108053276881009
S64,496,0.000994330711187022
S65,34,6.81597664926588e-05
S66,1009,0.00202274130562037
S67,152,0.000304714250202475
S68,456,0.000914142750607424
S69,139,0.000278653163014105
S70,188,0.000376883414724113
S71,71,0.000142333630028787
S72,2421,0.0048533763140802
S73,66,0.000132310134956338
S76,375,0.000751762130433737
S79,158,0.000316742444289414
S80,342,0.000685607062955568
S81,375,0.000751762130433737
S82,5989,0.0120061423977804
S83,739,0.00148147257170808
S86,896,0.00179621031698301
S89,177,0.000354831725564724
S90,104,0.000208488697506956
S91,210,0.000420986793042893
S92,884,0.00177215392880913
S93,160,0.000320751842318394
S96,59,0.000118277241854908
S97,21,4.20986793042893e-05
S99,83,0.000166390018202667
T00,27,5.4126873391229e-05
T01,26,5.21221743767391e-05
T02,121,0.000242568580753286
T09,44,8.82067566375584e-05
T11,24,4.81127763477591e-05
T13,69,0.000138324231999808
T14,170,0.000340798832463294
T15,30,6.01409704346989e-05
T16,45,9.02114556520484e-05
T17,331,0.000663555373796178
T18,459,0.000920156847650894
T19,38,7.61785625506187e-05
T20,84,0.000168394717217157
T21,76,0.000152357125101237
T22,78,0.000156366523130217
T23,117,0.000234549784695326
T24,73,0.000146343028057767
T25,39,7.81832615651086e-05
T29,22,4.41033783187792e-05
T36,28,5.6131572405719e-05
T38,99,0.000198465202434506
T39,1556,0.00311931166654638
T40,415,0.000831950091013335
T42,722,0.00144739268846175
T43,957,0.0019184969568669
T44,101,0.000202474600463486
T45,114,0.000228535687651856
T46,118,0.000236554483709816
T50,301,0.000603414403361479
T51,61,0.000122286639883888
T56,29,5.8136271420209e-05
T58,54,0.000108253746782458
T59,94,0.000188441707362057
T63,120,0.000240563881738796
T65,28,5.6131572405719e-05
T68,31,6.21456694491889e-05
T70,35,7.01644655071488e-05
T75,49,9.82302517100083e-05
T78,916,0.00183630429727281
T79,270,0.00054126873391229
T80,86,0.000172404115246137
T81,7673,0.0153820555381815
T82,1639,0.00328570168474905
T83,1026,0.0020568211888667
T84,5162,0.0103482563127972
T85,2132,0.0042740182988926
T86,260,0.000521221743767391
T87,165,0.000330775337390844
T88,314,0.000629475490549849
